record_number,district,mandal,village,lat,long,date,value
1,ADILABAD,Adilabad,Adilabad,19.668299,78.5247,01/02/21,8.96
2,ADILABAD,Bazarhatnur,Bazarhatnur,19.458888,78.350833,01/02/21,6.76
3,ADILABAD,Bela,Chandpally,19.684431,78.848456,01/02/21,8.21
4,ADILABAD,Bheempur,Arli,19.83196,78.37931,01/02/21,8
5,ADILABAD,Bheempur,Bheempur,19.772188,78.417841,01/02/21,7.29
6,ADILABAD,Boath,Boath,19.342416,78.316527,01/02/21,7.52
7,ADILABAD,Gudihatnoor,Gudihatnoor,19.525555,78.512222,01/02/21,15
8,ADILABAD,Jainath,Bhoraj,19.739722,78.546472,01/02/21,14.5
9,ADILABAD,Jainath,Jainath,19.730555,78.64,01/02/21,3.55
10,ADILABAD,Narnoor,Narnoor,19.495665,78.852654,01/02/21,3.54
11,ADILABAD,Neradigonda,Neradigonda,19.29375,78.41216,01/02/21,9.9
12,ADILABAD,Talamadugu,Devapur,19.612944,78.463111,01/02/21,7.3
13,ADILABAD,Talamadugu,Talamadugu,19.6334,78.396899,01/02/21,4.87
14,ADILABAD,Tamsi,Tamsi,19.6811,78.426799,01/02/21,4.48
15,ADILABAD,Utnoor,Utnoor,19.367777,78.782777,01/02/21,4.6
16,BHADRADRI,Allapalli,Allapalli,17.82975,80.475008,01/02/21,5.68
17,BHADRADRI,Allapalli,Markodu,17.91444,80.507666,01/02/21,6.54
18,BHADRADRI,Annapureddypalli,Annapureddypalli,17.355422,80.82226,01/02/21,15.02
19,BHADRADRI,Ashwapuram,Ammagaripalli,17.865166,80.85051,01/02/21,1.24
20,BHADRADRI,Ashwapuram,Aswapuram,17.847626,80.803745,01/02/21,7.06
21,BHADRADRI,Ashwapuram,Aswapuram,17.835944,80.825667,01/02/21,5.38
22,BHADRADRI,Ashwapuram,ASWARAOPET (D),17.243444,81.109888,01/02/21,32.08
23,BHADRADRI,Aswaraopet (S),Aswaraopet (S),17.244199,81.110599,01/02/21,31.58
24,BHADRADRI,Aswaraopeta,Duradapadu,17.43166,81.090311,01/02/21,6.73
25,BHADRADRI,Aswaraopeta,Gummadivalli,17.416861,81.178305,01/02/21,2.58
26,BHADRADRI,Aswaraopeta,NANDIPADU,17.455835,81.128705,01/02/21,2.47
27,BHADRADRI,Aswaraopeta,Vinayakapuram,17.34561,81.12147,01/02/21,7.36
28,BHADRADRI,Bhadrachalam,Bhadrachalam,17.666775,80.900922,01/02/21,3.58
29,BHADRADRI,Burgampad,Krishnasagar,17.709524,80.811524,01/02/21,6.02
30,BHADRADRI,Burgampad,M.Banjara,17.6447,80.7911,01/02/21,8.23
31,BHADRADRI,Chandrugonda,Cherla,18.07449,80.83124,01/02/21,3.99
32,BHADRADRI,Chandrugonda,Maddukuru,17.356111,80.675527,01/02/21,19.49
33,BHADRADRI,Chandrugonda,Ravikampadu,17.3986,80.6106,01/02/21,6.92
34,BHADRADRI,Cherla,Chinmedisileru,18.061388,80.853833,01/02/21,8.88
35,BHADRADRI,Chunchupalli,Chunchupalli,17.536377,80.612734,01/02/21,4.18
36,BHADRADRI,Dammapeta,Malkaram,17.310587,81.038879,01/02/21,12.13
37,BHADRADRI,Dammapeta,Mandalapalli,17.235972,81.008986,01/02/21,40.57
38,BHADRADRI,Dammapeta,Patwarigudem,17.346638,80.9629722,01/02/21,18.22
39,BHADRADRI,Dummugudem,Bandirevu,17.921194,80.9155,01/02/21,2.63
40,BHADRADRI,Dummugudem,Dummugudem,17.8523,80.8937,01/02/21,2.42
41,BHADRADRI,Gundala,Gundala,17.906,80.33055,01/02/21,3.64
42,BHADRADRI,Gundala,Kanchanapalli,17.792225,80.42243,01/02/21,1.73
43,BHADRADRI,Gundala,Mamakannu,17.865819,80.412727,01/02/21,6.12
44,BHADRADRI,Gundala,Sainapalli,17.95777,80.34505,01/02/21,4.82
45,BHADRADRI,Gundala,Settupalli,17.810477,80.303583,01/02/21,8.85
46,BHADRADRI,Julurpadu,P. Narsapuram,17.44733,80.526444,01/02/21,4.47
47,BHADRADRI,Julurpadu,Papakollu,17.4183,80.4828,01/02/21,4.62
48,BHADRADRI,Kalvala nagaram*,karakagudem,18.014193,80.619051,01/02/21,2.62
49,BHADRADRI,Karakagudem,Karakagudem,18.034655,80.568147,01/02/21,4.42
50,BHADRADRI,Kothagudem,Kothagudem,17.544858,80.61844,01/02/21,21.08
51,BHADRADRI,Laxmidevipalli,Bangaruchelka,17.756305,80.602444,01/02/21,3.1
52,BHADRADRI,Laxmidevipalli,Laxmidevipalli,17.563756,80.624863,01/02/21,5.67
53,BHADRADRI,Manuguru,Manuguru,17.955072,80.83008,01/02/21,6.27
54,BHADRADRI,Manuguru,Pagideru,17.970111,80.73386,01/02/21,1.92
55,BHADRADRI,Mulakalapalli,Mulakalapalli (D),17.5036,80.831899,01/02/21,10.95
56,BHADRADRI,Mulakalapalli,MULAKALAPALLI (S),17.419666,80.481383,01/02/21,11.16
57,BHADRADRI,Mulakalapalli,N. Jaganadhapuram,17.4343055,80.86475,01/02/21,10.99
58,BHADRADRI,Mulakalapalli,Pusugudem            (Pakeer thanda),17.541869,80.763222,01/02/21,3.48
59,BHADRADRI,Mulakalapalli,Thimmampet,17.541769,80.9327222,01/02/21,6.34
60,BHADRADRI,Palwancha,Danthalaboru,17.586194,80.839666,01/02/21,6.06
61,BHADRADRI,Palwancha,Pathapalwancha,17.540083,80.503527,01/02/21,5.82
62,BHADRADRI,Palwancha,REGELLA,17.949174,80.576312,01/02/21,4.19
63,BHADRADRI,Palwancha,Ulavanoor,17.780799,80.679199,01/02/21,5.31
64,BHADRADRI,Palwancha,Yanmbailu,17.678111,80.663944,01/02/21,5.29
65,BHADRADRI,Pinapaka,Dugenepalli,18.12886,80.64669,01/02/21,2.87
66,BHADRADRI,Pinapaka,Potlapalli,18.038255,80.684305,01/02/21,5.94
67,BHADRADRI,Sujathanagar,Sarvaram (Gudithanda),17.5277166,80.58608,01/02/21,4.95
68,BHADRADRI,Sujathanagar,Sujathanagar,17.48378,80.57759,01/02/21,6.71
69,BHADRADRI,Tekulapalli,Bethampudi,17.564333,80.449277,01/02/21,6.92
70,BHADRADRI,Tekulapalli,Bodu,17.674399,80.443599,01/02/21,5.32
71,BHADRADRI,Tekulapalli,Mutyalampadu,17.540083,80.503522,01/02/21,5.6
72,BHADRADRI,Tekulapalli,Sulanagar,17.543558,80.501917,01/02/21,6.22
73,BHADRADRI,Yellandu,Komararam,17.707922,80.317501,01/02/21,6.5
74,BHADRADRI,Yellandu,Narayanapuram D,17.5125,80.374999,01/02/21,6.68
75,BHADRADRI,Yellandu,NARAYANAPURAM S,17.51269,80.37816,01/02/21,6.56
76,BHADRADRI,Yellandu,Rompedu,17.647382,80.299749,01/02/21,5.18
77,BHADRADRI,Yellandu,Sudimalla,17.589836,80.354077,01/02/21,3.71
78,BHUPALPALLY,Bhupalpally,Bhupalpally,18.441128,79.876922,01/02/21,5.63
79,BHUPALPALLY,Bhupalpally,Gudadpally,18.389256,79.8072,01/02/21,4.02
80,BHUPALPALLY,Bhupalpally,Nandigama,18.46163889,80.08775,01/02/21,3.92
81,BHUPALPALLY,Chityala,Chityala,18.337481,79.671932,01/02/21,4.46
82,BHUPALPALLY,Chityala,Jadalpet,18.383433,79.736111,01/02/21,13.31
83,BHUPALPALLY,Ghanpur Mulug,Chelpur(D),18.37641667,79.83125,01/02/21,8.36
84,BHUPALPALLY,Ghanpur Mulug,Chelpur(S),18.375514,79.835062,01/02/21,6.02
85,BHUPALPALLY,Ghanpur Mulug,Velthurlapally,18.29822222,79.89383333,01/02/21,7.03
86,BHUPALPALLY,Kataram,Jadaraopet,18.69579,79.883779,01/02/21,10.96
87,BHUPALPALLY,Kataram,Medipally,18.550111,79.923666,01/02/21,23.31
88,BHUPALPALLY,Kataram,Regulagudem,18.623722,79.868777,01/02/21,35.97
89,BHUPALPALLY,Kataram,Shankarampally 125(D),18.603804,79.898529,01/02/21,29.32
90,BHUPALPALLY,Kataram,Shankarampally 47,18.61308333,79.88513889,01/02/21,28.91
91,BHUPALPALLY,Maha Mutharam,Stambampally,18.563899,79.9927,01/02/21,1.61
92,BHUPALPALLY,Maha Mutharam,Yatnaram,18.573833,80.152333,01/02/21,5.31
93,BHUPALPALLY,Mahadevpur,Ambatipalli,18.695678,80.061858,01/02/21,23.71
94,BHUPALPALLY,Mahadevpur,Annaram,18.762444,79.843138,01/02/21,18.96
95,BHUPALPALLY,Mahadevpur,Kaleswaram,18.803055,79.905444,01/02/21,10.63
96,BHUPALPALLY,Mahadevpur,Mahadevpur -125D,18.72627778,79.97925,01/02/21,10.81
97,BHUPALPALLY,Mahadevpur,Mahadevpur 199D,18.72627778,79.97925,01/02/21,10.12
98,BHUPALPALLY,Mahadevpur,Mahadevpur 75NC,18.799999,79.916666,01/02/21,11.61
99,BHUPALPALLY,Malhar Rao,Mallaram,18.556805,79.785777,01/02/21,7.16
100,BHUPALPALLY,Mogullapalli,Aknepally,18.3631,79.6103,01/02/21,5.52
101,BHUPALPALLY,Mogullapalli,Rangapur,18.27063889,79.68827778,01/02/21,8.07
102,BHUPALPALLY,Palimela,Kamanpally,18.625166,80.245666,01/02/21,3.54
103,BHUPALPALLY,Palimela,Lenkalagadda,18.674833,80.129555,01/02/21,13.34
104,BHUPALPALLY,Palimela,Sarvaipet,18.683222,80.238166,01/02/21,15.12
105,BHUPALPALLY,Regonda,Gorikothapally,18.179599,79.814499,01/02/21,9.06
106,BHUPALPALLY,Regonda,Regonda,18.239999,79.7775,01/02/21,8.26
107,BHUPALPALLY,Tekumatla,Ramakrishnapuram,18.419,79.630499,01/02/21,4.93
108,HYDERABAD,Ameerpet,"DIRECTOR WOMEN AND CHILD WELFARE, YOUSUFGUDA",17.262,78.262,01/02/21,
109,HYDERABAD,Ameerpet,S.R.Nagar,17.264,78.262,01/02/21,17.25
110,HYDERABAD,Ameerpet,"STDC Chest Hospital, Erragadda",17.264,78.264,01/02/21,11.55
111,HYDERABAD,Asifnagar,"Govt. Polytechnic, Masab Tank.",17.241,78.271,01/02/21,5.87
112,HYDERABAD,Asifnagar,Himayanagar,17.235,78.265,01/02/21,2.5
113,HYDERABAD,Asifnagar,Kulsanapur,17.223,78.203,01/02/21,3.23
114,HYDERABAD,Bandlaguda,Chandraingutta,17.195,78.29,01/02/21,10.36
115,HYDERABAD,Bhadurpura,Bahadurpura,17.21,78.273,01/02/21,1.69
116,HYDERABAD,Charminar,Darul Shifa,17.222,78.295,01/02/21,4.97
117,HYDERABAD,Himayathnagar,"Fever Hospital, Nallakunta",17.235,78.3,01/02/21,5.99
118,HYDERABAD,Himayathnagar,Indira Park,17.256,78.283,01/02/21,2.31
119,HYDERABAD,Khairathabad,"CME premises, Chinthalbasti",17.243,78.274,01/02/21,6.68
120,HYDERABAD,Khairathabad,"CME premises, Chinthalbasti",17.325,78.272,01/02/21,6.9
121,HYDERABAD,Khairathabad,Khairathabad,,,01/02/21,
122,HYDERABAD,Khairathabad,T.S..Secretariat,17.243,78.281,01/02/21,
123,HYDERABAD,Maredpally,"Govt.Jr.College,West Maredpally",17.264,78.292,01/02/21,5.39
124,HYDERABAD,Maredpally,Maredpally(s),17.264,78.303,01/02/21,12.07
125,HYDERABAD,Musheerabad,Musheerabad,17.253,78.302,01/02/21,5.65
126,HYDERABAD,Nampally,Nampally,17.252,78.286,01/02/21,2.97
127,HYDERABAD,Saidabad,Juvinile home,17.102,78.172,01/02/21,2.98
128,HYDERABAD,Secunderabad,"Sanjeevaiah Park, Hussian Sagar.",17.295,78.272,01/02/21,3.51
129,HYDERABAD,Shaikpet,Shaikpet,17.253,78.265,01/02/21,
130,HYDERABAD,Shaikpet,"Vengal Rao Park, Srinagar colony",,,01/02/21,3.21
131,HYDERABAD,Tirmalgiri,"NIMH,Hasmathpet",17.281,78.292,01/02/21,7
132,JAGITYAL,Beerpur,Kandlapalle,19.027722,78.961055,01/02/21,2.79
133,JAGITYAL,Dharmapuri,Dharmapuri,18.946944,79.101944,01/02/21,6.25
134,JAGITYAL,Dharmapuri,Jaina,19.00419,79.0429,01/02/21,4.44
135,JAGITYAL,Gollapalli,Gollapalli,18.7906,79.0522,01/02/21,4.4
136,JAGITYAL,Ibrahimpatnam,Ibrahimpatnam,18.898611,78.579444,01/02/21,5.81
137,JAGITYAL,Jagityal,Jagityal,18.46311,78.54365,01/02/21,7.07
138,JAGITYAL,Jagityal,Morapally,18.49379,78.51353,01/02/21,2.66
139,JAGITYAL,Kathalapur,Kathalapur,18.752777,78.689722,01/02/21,2.35
140,JAGITYAL,Kodimal,Chepial,18.624722,78.935833,01/02/21,6.98
141,JAGITYAL,Korutla,Ilapur,18.8561,78.7039,01/02/21,7.68
142,JAGITYAL,Korutla,Korutla,18.818611,78.706388,01/02/21,7.75
143,JAGITYAL,Mallapur,Mallapur,18.993948,78.770044,01/02/21,7.35
144,JAGITYAL,Mallapur,VV Raopet,18.9647,78.706399,01/02/21,8.35
145,JAGITYAL,Mallial,Nukapalli,18.709399,78.922199,01/02/21,5.7
146,JAGITYAL,Medipally,Desaipet,18.4223,78.45427,01/02/21,4.55
147,JAGITYAL,Medipally,Katlakunta,18.843888,78.813333,01/02/21,3.98
148,JAGITYAL,Medipally,Rangapur,18.758416,78.792333,01/02/21,3.45
149,JAGITYAL,Metpalli,Metpalli,18.847777,78.620555,01/02/21,
150,JAGITYAL,Metpalli,Atmakur,18.752194,78.620111,01/02/21,9.3
151,JAGITYAL,Metpalli,Bandalingapur,18.830899,78.5853,01/02/21,6.45
152,JAGITYAL,Metpalli,Metla Chittapur,18.781131,78.588005,01/02/21,3.22
153,JAGITYAL,Pegadapalli,Pegadapalli,18.706388,79.064444,01/02/21,3.63
154,JAGITYAL,Raikal,Bornapally,19.026499,78.8235,01/02/21,4.01
155,JAGITYAL,Raikal,Itikyal,18.9192,78.760618,01/02/21,2.25
156,JAGITYAL,Raikal,Raikal,18.910338,78.802852,01/02/21,3.82
157,JAGITYAL,Raikal,Vodde lingapur,18.959166,78.837222,01/02/21,1
158,JAGITYAL,Sarangapur,Rachapalli,18.931444,78.931444,01/02/21,5.16
159,JAGITYAL,Sarangapur,Sarangapur,18.929722,78.958055,01/02/21,4.77
160,JAGITYAL,Velgatur,Chegyam,18.814499,79.273599,01/02/21,2.88
161,JAGITYAL,Velgatur,Stambampally,18.861,79.161,01/02/21,3.47
162,JAGITYAL,Velgatur,Velgatur,18.835299,79.169699,01/02/21,4.36
163,JANGAON,Bachannapet,Bachannapet,17.7908,79.0422,01/02/21,4.94
164,JANGAON,Bachannapet,Padamati Keshapur,17.838299,78.9394,01/02/21,7.68
165,JANGAON,Chilpur,Kistajigudem,,,01/02/21,5.19
166,JANGAON,Chilpur,Malkapur,,,01/02/21,8
167,JANGAON,Devaruppula,Devaruppula,17.537399,79.356199,01/02/21,3.15
168,JANGAON,Devaruppula,Singarajupalli,17.5919,79.273799,01/02/21,4.73
169,JANGAON,Ghanpur stn,Chagal,17.838699,79.3604,01/02/21,9.32
170,JANGAON,Ghanpur stn,Namiligonda,,,01/02/21,1.43
171,JANGAON,Jangaon,Jangaon,17.697299,79.147399,01/02/21,3.06
172,JANGAON,Jangaon,Siddanki,17.7676,79.0981,01/02/21,7.69
173,JANGAON,Kodakandla,Kodakandla,17.5258,79.514399,01/02/21,6.86
174,JANGAON,Lingala ghanpur,Jeedikal,17.6084,79.161299,01/02/21,5.81
175,JANGAON,Lingala ghanpur,Lingala ghanpur,17.659099,79.1997,01/02/21,6.26
176,JANGAON,Lingala ghanpur,Vadicherla,17.6606,79.236499,01/02/21,1.27
177,JANGAON,Narmetta,Machupahad,17.87118,79.222159,01/02/21,6.35
178,JANGAON,Narmetta,Veldanda,17.858198,79.124717,01/02/21,5.07
179,JANGAON,Palakurthi,Gudur,17.736265,79.409394,01/02/21,4.01
180,JANGAON,Palakurthi,Palakurthi,17.669099,79.422499,01/02/21,6.79
181,JANGAON,Raghunadhapalli,Ibrahimpur,,,01/02/21,7.88
182,JANGAON,Raghunadhapalli,Nidigonda,17.740555,79.233333,01/02/21,3.92
183,JANGAON,Raghunadhapalli,Raghunadhapalli,17.747222,79.26,01/02/21,8.08
184,JANGAON,Tarigopulla,Tarigopulla,,,01/02/21,5.58
185,JANGAON,Zafergad,Kunur,17.847,79.4766,01/02/21,10.9
186,JANGAON,Zafergad,Zafergad,17.7651,79.487,01/02/21,6.05
187,JOGULAMBA(GADWAL),Alampur,Alampur,15.896441,78.121104,01/02/21,2.65
188,JOGULAMBA(GADWAL),Dharoor,Dharoor,16.224385,77.678908,01/02/21,5.37
189,JOGULAMBA(GADWAL),Dharoor,Neelahally,16.28659,77.61226,01/02/21,3.09
190,JOGULAMBA(GADWAL),Gadwal,Gadwal,16.2326,77.802099,01/02/21,1.37
191,JOGULAMBA(GADWAL),Gattu,Allor,,,01/02/21,5.29
192,JOGULAMBA(GADWAL),Gattu,Gattu,16.1287,77.5757,01/02/21,2.15
193,JOGULAMBA(GADWAL),Gattu,Induvasi,16.03913,77.5248,01/02/21,
194,JOGULAMBA(GADWAL),Ieeza,Eklaspur,16.04836,77.63844,01/02/21,
195,JOGULAMBA(GADWAL),Ieeza,Ieeza,16.0255,77.66929,01/02/21,16.69
196,JOGULAMBA(GADWAL),Itikyal,Kodandapur,16.070099,77.831499,01/02/21,23.75
197,JOGULAMBA(GADWAL),K-T Doddi,Kondapur,16.24993,77.56556,01/02/21,4.67
198,JOGULAMBA(GADWAL),K-T Doddi,Kuchinerla,16.17976,77.52709,01/02/21,2.47
199,JOGULAMBA(GADWAL),Maldakal,Maldakal,15.9656,77.9533,01/02/21,1.22
200,JOGULAMBA(GADWAL),Manopad,Manopad,15.9656,77.9533,01/02/21,3.71
201,JOGULAMBA(GADWAL),Undavally,Pullur,15.91743,78.00845,01/02/21,16.87
202,JOGULAMBA(GADWAL),Undavally,Undavally,15.93461,78.03947,01/02/21,2.36
203,JOGULAMBA(GADWAL),Waddepalli,Santhinagar,15.939999,77.839,01/02/21,1.74
204,KAMAREDDY,Bansawada,Bansawada,18.392999,77.879,01/02/21,5.65
205,KAMAREDDY,Bansawada,Budimi,18.34,77.89,01/02/21,2.3
206,KAMAREDDY,Bhiknoor,Bhiknoor,18.195999,78.398999,01/02/21,5.94
207,KAMAREDDY,Bhiknoor,Issannapally,18.142899,78.4767,01/02/21,3.64
208,KAMAREDDY,Bhiknoor,P.D.Mallareddy,18.173,78.452999,01/02/21,15.81
209,KAMAREDDY,Bibipet,Bibipet,18.206539,78.526499,01/02/21,15.43
210,KAMAREDDY,BICHKUNDA,Pulkal,18.2356,77.4601,01/02/21,6.1
211,KAMAREDDY,Birkur,Birkur,18.47,77.802999,01/02/21,16.41
212,KAMAREDDY,Domakonda,Domakonda,18.249999,78.436,01/02/21,18.72
213,KAMAREDDY,Gandhari,Gandhari,18.396,78.107,01/02/21,16.46
214,KAMAREDDY,Gandhari,Ramlaxmanpally,18.319999,78.13,01/02/21,15.05
215,KAMAREDDY,Gandhari,Sarvapoor,18.3647,77.9851,01/02/21,15.42
216,KAMAREDDY,Jukkal,Jukkal,18.364,77.604,01/02/21,4.42
217,KAMAREDDY,Jukkal,Savargao,18.321675,77.649524,01/02/21,3.79
218,KAMAREDDY,Kamareddy,Adloor,18.343799,78.3435,01/02/21,14.51
219,KAMAREDDY,Kamareddy,Narasannapally,18.2686,78.361699,01/02/21,15.65
220,KAMAREDDY,Lingampet,Bhavanipet,18.279099,78.057999,01/02/21,12.69
221,KAMAREDDY,Lingampet,Khannapur,18.19,78.159999,01/02/21,20.21
222,KAMAREDDY,Lingampet,Mothe,18.31,78.17,01/02/21,10.96
223,KAMAREDDY,Machareddy,Machareddy,18.329,78.493,01/02/21,9.31
224,KAMAREDDY,Maddnur,Menoor,18.482999,77.652,01/02/21,6.85
225,KAMAREDDY,Maddnur,SOMUR,,,01/02/21,5.2
226,KAMAREDDY,Nagireddipet,Banjara Thanda,18.1449,78.081799,01/02/21,19.88
227,KAMAREDDY,Nagireddipet,Malthummeda,18.113999,78.141999,01/02/21,10
228,KAMAREDDY,Nasurullabad,Nasurullabad,18.467999,77.872999,01/02/21,4.59
229,KAMAREDDY,Nizamsagar,Achampet,18.209999,77.93,01/02/21,8.12
230,KAMAREDDY,Nizamsagar,Mohammadnagar,18.293098,77.908661,01/02/21,3.92
231,KAMAREDDY,Pedda Kodapgal,Shanthapur,18.1952,77.4355,01/02/21,6.54
232,KAMAREDDY,Pitlam,Maddela Cheruvu,18.35,77.849999,01/02/21,11.85
233,KAMAREDDY,Rajampet,Argonda,18.233999,78.272,01/02/21,14.7
234,KAMAREDDY,Rajampet,Kondapur,18.189999,78.279999,01/02/21,12.15
235,KAMAREDDY,RAMAREDDY,Reddypet,18.2433,78.2501,01/02/21,11.8
236,KAMAREDDY,Sadasivanagar,Sadasivanagar,18.406,78.264,01/02/21,10.82
237,KAMAREDDY,Tadwai,Yerrapahad,18.292999,78.222999,01/02/21,3.69
238,KAMAREDDY,Tadwai,Annaram,,,01/02/21,27.7
239,KAMAREDDY,Yellareddy,Yellareddy,18.194033,78.019817,01/02/21,
240,KAMAREDDY,BANSWADA,HANMAJIPET,,,01/02/21,
241,KAMAREDDY,BHIKNOOR,KACHAPOOR,,,01/02/21,
242,KAMAREDDY,BHIKNOOR,MALLUPALLY,,,01/02/21,
243,KAMAREDDY,BICHKUNDA,DOULTHAPUR,,,01/02/21,
244,KAMAREDDY,BICHKUNDA,GUNDE NEMLI,,,01/02/21,
245,KAMAREDDY,BICHKUNDA,PD DADGI,,,01/02/21,
246,KAMAREDDY,DOMAKONDA,AMBERPET,,,01/02/21,
247,KAMAREDDY,DOMAKONDA,ANCHANOOR,,,01/02/21,
248,KAMAREDDY,GANDHARI,CHADMAL,,,01/02/21,
249,KAMAREDDY,GANDHARI,GURJAL,,,01/02/21,
250,KAMAREDDY,LINGAMPET,LINGAMPET,,,01/02/21,
251,KAMAREDDY,LINGAMPET,PARMALLA,,,01/02/21,
252,KAMAREDDY,MACHAREDDY,RAJKHANPET,,,01/02/21,
253,KAMAREDDY,MADNOOR,MADNOOR,,,01/02/21,
254,KAMAREDDY,MADNOOR,RUSEGAON,,,01/02/21,
255,KAMAREDDY,NAGIREDDYPET,WADALPARTHY,,,01/02/21,
256,KAMAREDDY,NASRULLABAD,BOMMADEVPALLY,,,01/02/21,
257,KAMAREDDY,NASRULLABAD,BOPPASPALLY,,,01/02/21,
258,KAMAREDDY,NASRULLABAD,MIRZAPUR,,,01/02/21,
259,KAMAREDDY,NIZAMSAGAR,BURGUL,,,01/02/21,
260,KAMAREDDY,NIZAMSAGAR,NARVA,,,01/02/21,
261,KAMAREDDY,NIZAMSAGAR,VELGANOOR,,,01/02/21,
262,KAMAREDDY,PITLAM,CHILLARGI,,,01/02/21,
263,KAMAREDDY,PITLAM,GODMAGAON,,,01/02/21,
264,KAMAREDDY,PITLAM,KURTHI / RAMPUR,,,01/02/21,
265,KAMAREDDY,PITLAM,NAGAMPALLY,,,01/02/21,
266,KAMAREDDY,PITLAM,PITLAM,,,01/02/21,
267,KAMAREDDY,RAJAMPET,SIDDAPOOR,,,01/02/21,
268,KAMAREDDY,RAMAREDDY,DEVANPALLE,,,01/02/21,
269,KAMAREDDY,SADHASHIVNAGAR,PADMAJI WADA,,,01/02/21,
270,KAMAREDDY,SADHASHIVNAGAR,UTNOOR,,,01/02/21,
271,KAMAREDDY,TADWAI,KANKAL,,,01/02/21,
272,KAMAREDDY,YELLAREDDY,THIMMAREDDY,,,01/02/21,
273,KAMAREDDY,YELLAREDDY,YELLAREDDY,,,01/02/21,
274,KARIMNAGAR,Chigurumamidi,Bommanapalli,18.212599,79.230099,01/02/21,
275,KARIMNAGAR,Chigurumamidi,Chigurumamidi,18.23625,79.201111,01/02/21,7.1
276,KARIMNAGAR,Chigurumamidi,Ramancha,,,01/02/21,10.41
277,KARIMNAGAR,Choppadandi,Rukmapur,18.5334,79.1461,01/02/21,11.25
278,KARIMNAGAR,Ellandakunta,Illanthukunta,,,01/02/21,4.08
279,KARIMNAGAR,Gangadhara,Burugupally,18.638599,79.0333,01/02/21,6.91
280,KARIMNAGAR,Gangadhara,Gangadhara,18.579444,79.008888,01/02/21,20.86
281,KARIMNAGAR,Ganneruvaram,Mylaram,18.3692,79.0731,01/02/21,8.15
282,KARIMNAGAR,Huzurabad,Huzurabad,18.500305,79.144638,01/02/21,1.79
283,KARIMNAGAR,Jammikunta,Vavilala,18.3963,79.5529,01/02/21,3.7
284,KARIMNAGAR,Karimnagar,Nagnur,18.500305,79.144638,01/02/21,2.57
285,KARIMNAGAR,Karimnagar,Karimnagar,18.436111,79.128333,01/02/21,6.64
286,KARIMNAGAR,Keshavpatnam,Thadikal,,,01/02/21,5.24
287,KARIMNAGAR,Manakondur,Laxmipur,18.446611,79.285194,01/02/21,3.12
288,KARIMNAGAR,Ramadugu,Gundi,18.618833,79.087249,01/02/21,8.05
289,KARIMNAGAR,Saidapur,Saidapur,18.2148,79.305174,01/02/21,5.68
290,KARIMNAGAR,Thimmapur,Alugunur,,,01/02/21,3.87
291,KARIMNAGAR,Thimmapur,Nedunur,18.3117,79.1383,01/02/21,10.56
292,KARIMNAGAR,Veenavanka,Veenavanka,18.346111,79.420555,01/02/21,3.9
293,KHAMMAM,Bonakal,Mustikunta,17.040809,80.223141,01/02/21,1.25
294,KHAMMAM,Bonakal,Pedabeeravalli,17.05097222,80.30377778,01/02/21,1.54
295,KHAMMAM,Chintakani,Pandillapalli,17.14880556,80.17716667,01/02/21,2.4
296,KHAMMAM,Enkoor,Enkoor,17.32641667,80.44434167,01/02/21,5.4
297,KHAMMAM,Enkoor,Timmaraopeta,17.37421944,80.3667,01/02/21,2.55
298,KHAMMAM,Kallur,Kallur,17.209999,80.5467,01/02/21,2.98
299,KHAMMAM,Kamepalli,Kothalingala,17.429453,80.237801,01/02/21,5.28
300,KHAMMAM,Kamepalli,Ootkuru,17.45961111,80.29536111,01/02/21,5.35
301,KHAMMAM,Khammam (R ),Theerthala,,,01/02/21,2.58
302,KHAMMAM,Khammam (R ),M.V.Palem,17.2967,80.0969,01/02/21,3.95
303,KHAMMAM,Khammam(U),Khammam I,17.2333,80.1333,01/02/21,1.5
304,KHAMMAM,Khammam(U),Khammam-II,17.2525,80.143599,01/02/21,2.05
305,KHAMMAM,Konijerla,Gubbagurthi,17.28016667,80.36358333,01/02/21,2.89
306,KHAMMAM,Konijerla,Konijerla,17.2211,80.290799,01/02/21,1.54
307,KHAMMAM,Kusumanchi,Jakkapally,17.14038056,79.96790278,01/02/21,1.33
308,KHAMMAM,Kusumanchi,Kusumanchi,17.2208,79.958299,01/02/21,6.3
309,KHAMMAM,Madhira,Madhira,16.93955556,80.3685,01/02/21,7.82
310,KHAMMAM,Madhira,Nidhanapuram,16.92044444,80.41705556,01/02/21,11.95
311,KHAMMAM,Mudigonda,Banapuram,17.06283889,80.12111111,01/02/21,0.96
312,KHAMMAM,Mudigonda,Mudigonda,17.187499,80.0986,01/02/21,1.7
313,KHAMMAM,Nelakondapalli,Bodulabanda,17.0930556,80.0160833,01/02/21,1.31
314,KHAMMAM,Nelakondapalli,Buddaram,17.01656944,80.05926111,01/02/21,2.56
315,KHAMMAM,Penuballi,Lankapalli,17.20305556,80.73527778,01/02/21,9.9
316,KHAMMAM,Penuballi,Lingagudem,17.203055,80.735277,01/02/21,
317,KHAMMAM,Penuballi,Penuballi,17.2135,80.6656111,01/02/21,2.9
318,KHAMMAM,Penuballi,Tallapenta,,,01/02/21,3.35
319,KHAMMAM,Raghundhapalem,Erlapudi,17.32465,80.27065,01/02/21,6.7
320,KHAMMAM,Sathupalli,Cherukupalli,17.25627778,80.77747222,01/02/21,1.85
321,KHAMMAM,Sathupalli,Prakashnagar,17.194199,80.894199,01/02/21,42.85
322,KHAMMAM,Singareni,Madharam,17.53863889,80.22588889,01/02/21,3.05
323,KHAMMAM,Thallada,Anjanapuram,17.2147,80.4625,01/02/21,2.88
324,KHAMMAM,Thallada,Laxmipuram,17.16438056,80.49443889,01/02/21,3.28
325,KHAMMAM,Thirumalayapalem,Kakaravai,17.30661111,79.83988889,01/02/21,0.92
326,KHAMMAM,Thirumalayapalem,Tippareddigudem,17.37288889,79.98063889,01/02/21,4.55
327,KHAMMAM,Thirumalayapalem,Bachode,17.372877,79.980619,01/02/21,3.6
328,KHAMMAM,Thirumalayapalem,Tirumalayapalem,17.2997,79.900599,01/02/21,3
329,KHAMMAM,Vemsur,Vemsur,17.144199,80.805,01/02/21,3.1
330,KHAMMAM,Vemsur,Kallurigudem,17.11036111,80.74994444,01/02/21,5.5
331,KHAMMAM,Vemsur,Kandukuru,17.07472222,80.83725,01/02/21,2.66
332,KHAMMAM,Wyra,Siripuram,17.16046944,80.40075833,01/02/21,1.55
333,KHAMMAM,Yerrupalem,Banigandlapadu,16.86169444,80.48302778,01/02/21,7.41
334,KHAMMAM,Yerrupalem,Bheemavaram,16.93666667,80.51011111,01/02/21,3.9
335,KUMURAM BHEEM,Asifabad,Asifabad,19.359617,79.286065,01/02/21,18.5
336,KUMURAM BHEEM,Asifabad,Kommuguda,19.391953,79.250368,01/02/21,1.85
337,KUMURAM BHEEM,Bejjur,Bejjur,19.356582,79.862302,01/02/21,3.68
338,KUMURAM BHEEM,Bejjur,Rebbana,19.400277,79.749999,01/02/21,2.85
339,KUMURAM BHEEM,Dahegaon,Dahegaon,19.250555,79.702222,01/02/21,16.33
340,KUMURAM BHEEM,Jainoor,Rasimetta,19.400645,78.996121,01/02/21,4.7
341,KUMURAM BHEEM,Kagaznagar,Jambugaon,19.325138,79.576266,01/02/21,13.69
342,KUMURAM BHEEM,Kagaznagar,Kagaznagar,19.355709,79.496997,01/02/21,4.15
343,KUMURAM BHEEM,Kerameri,Bheemangondi,19.423766,79.152032,01/02/21,9.71
344,KUMURAM BHEEM,Kerameri,Kerameri,19.444,79.05625,01/02/21,9.23
345,KUMURAM BHEEM,Kowthala,Kowthala,19.521899,79.7324,01/02/21,4.57
346,KUMURAM BHEEM,Lingapur,Loddiguda,19.23191,79.06601,01/02/21,1.33
347,KUMURAM BHEEM,Penchikalpet,Yelkapally,19.278088,79.756802,01/02/21,14.61
348,KUMURAM BHEEM,Rebbena,Rebbena II,19.257,79.415972,01/02/21,6.38
349,KUMURAM BHEEM,Sirput-T,Sirput-T,19.479999,79.569999,01/02/21,
350,KUMURAM BHEEM,Tiryani,Bheempur,19.110748,79.203166,01/02/21,4.18
351,KUMURAM BHEEM,Tiryani,Pangidimadra,19.251129,79.14703,01/02/21,3.58
352,KUMURAM BHEEM,Tiryani,Tiryani,19.174472,79.272249,01/02/21,
353,KUMURAM BHEEM,Wankidi,Savathi,19.57,79.27,01/02/21,7.41
354,KUMURAM BHEEM,Wankidi,Wankidi,19.479999,79.32,01/02/21,7.96
355,MAHABUBABAD,Bayyaram,Balajipeta,17.610599,80.087199,01/02/21,5.14
356,MAHABUBABAD,Bayyaram,Gurimalla***,17.4135,80.0466,01/02/21,6.53
357,MAHABUBABAD,Bayyaram,Kothagudem***,17.3725,80.1088,01/02/21,9.13
358,MAHABUBABAD,Bayyaram,Kothapeta***,17.3346,80.0907,01/02/21,5.12
359,MAHABUBABAD,Bayyaram,Motlathimapuram***,17.41747,80.0647,01/02/21,6.39
360,MAHABUBABAD,Chinna Gudur,Chinna Gudur,17.514565,79.885498,01/02/21,4.32
361,MAHABUBABAD,Dhantalapally,Dhantalapally,17.514699,79.7347,01/02/21,2.14
362,MAHABUBABAD,Dornakal,Gollacherla,17.467899,80.0922,01/02/21,1.64
363,MAHABUBABAD,Dornakal,Mannegudem,17.374115,80.043883,01/02/21,4.45
364,MAHABUBABAD,Dornakal,Perumalla Sankeesa,17.420199,80.053599,01/02/21,2.13
365,MAHABUBABAD,Gangaram,Gangaram,17.824,80.1974,01/02/21,3.31
366,MAHABUBABAD,Gangaram,Komatlagudem,17.8808,80.230599,01/02/21,9.13
367,MAHABUBABAD,Garla,Garla***,17.2924,80.0948,01/02/21,4.12
368,MAHABUBABAD,Garla,Maddivancha***,17.3147,80.0554,01/02/21,5.63
369,MAHABUBABAD,Gudur,Gudur,17.800499,79.981099,01/02/21,4.71
370,MAHABUBABAD,Kesamudram,Kalwala,17.6555,79.8869,01/02/21,5.33
371,MAHABUBABAD,Kesamudram,Kesamudram,17.6816,79.906899,01/02/21,3.29
372,MAHABUBABAD,Koravi,Ayyagaripally,17.502999,79.988599,01/02/21,3.14
373,MAHABUBABAD,Koravi,Mogilicherla,17.540299,80.0335,01/02/21,4.32
374,MAHABUBABAD,Koravi,Upperagudem,17.4494,80.035499,01/02/21,4.62
375,MAHABUBABAD,Kothaguda,Kothaguda,17.910499,80.055099,01/02/21,11.45
376,MAHABUBABAD,Kothaguda,Madagudem,17.3217,80.0152,01/02/21,3.89
377,MAHABUBABAD,Kothaguda,Sidireddypally,17.994099,80.0451,01/02/21,8.35
378,MAHABUBABAD,Mahabubabad,Amanagal,17.593999,79.909899,01/02/21,3.49
379,MAHABUBABAD,Mahabubabad,Mahabubabad,17.598299,80.001099,01/02/21,4.12
380,MAHABUBABAD,Marripeda,Giripuram,17.369232,79.878278,01/02/21,6.34
381,MAHABUBABAD,Marripeda,Marripeda,17.385199,79.8941,01/02/21,6.57
382,MAHABUBABAD,Marripeda,Yellampet,17.450099,79.8631,01/02/21,2.53
383,MAHABUBABAD,Narasihulapet,Komalavancha,17.529999,79.789,01/02/21,4.13
384,MAHABUBABAD,Nellikudur,Chinna Nagaram,17.6377,79.7746,01/02/21,8.43
385,MAHABUBABAD,Nellikudur,Nellikudur,17.5897,79.7597,01/02/21,4.12
386,MAHABUBABAD,Nellikudur,Ramanjapuram,17.6159,79.7249,01/02/21,6.74
387,MAHABUBABAD,Peddavangara,Waddekothapalli,17.527081,79.558433,01/02/21,6.18
388,MAHABUBABAD,Torrur,Haripirala,17.5225,79.645,01/02/21,2.12
389,MAHABUBABAD,Torrur,Torrur,17.583599,79.6611,01/02/21,5.09
390,MAHABUBNAGAR,Addakal,Addakal,16.51611111,77.934727,01/02/21,5.03
391,MAHABUBNAGAR,Balanagar,Udityal,16.965124,78.122216,01/02/21,10.47
392,MAHABUBNAGAR,Bhoothpur,Bhoothpur,16.697147,78.055246,01/02/21,4.47
393,MAHABUBNAGAR,Bhoothpur,Elkicherla,16.623767,78.116336,01/02/21,6.94
394,MAHABUBNAGAR,CC Kunta,Damagnapur,16.5,77.77361111,01/02/21,1.7
395,MAHABUBNAGAR,CC Kunta,Kurumurthy,16.441442,77.816757,01/02/21,11.22
396,MAHABUBNAGAR,CC Kunta,Thirmalapur,16.463719,77.825202,01/02/21,2.22
397,MAHABUBNAGAR,Devarkadara,Chinnarajmoor,16.68027778,77.77416667,01/02/21,10.81
398,MAHABUBNAGAR,Devarkadara,Devarakadra,16.6058,77.832836,01/02/21,9.14
399,MAHABUBNAGAR,Devarkadara,Koukuntla,16.522954,77.859849,01/02/21,7.93
400,MAHABUBNAGAR,Devarkadara,Meenuguvanipally,16.59570278,77.82498056,01/02/21,5.18
401,MAHABUBNAGAR,Gandeed,Mohammadabad,16.88749,77.902887,01/02/21,
402,MAHABUBNAGAR,Gandeed,Salkerpet,16.926205,77.791763,01/02/21,13.21
403,MAHABUBNAGAR,Hanwada,Hanwada,16.808381,77.897252,01/02/21,8.86
404,MAHABUBNAGAR,Hanwada,Vepur,16.836501,77.793152,01/02/21,9.8
405,MAHABUBNAGAR,Jadcherla,Jadcherla,16.774181,78.122404,01/02/21,11.57
406,MAHABUBNAGAR,Jadcherla,Konded,16.815457,78.272333,01/02/21,8.58
407,MAHABUBNAGAR,Koilkonda,Dammaipally,16.778656,77.877742,01/02/21,2.72
408,MAHABUBNAGAR,Koilkonda,Koilkonda,16.755147,77.789348,01/02/21,2.31
409,MAHABUBNAGAR,Mahabubnagar (R),Kodur,16.67811389,77.92589444,01/02/21,8.19
410,MAHABUBNAGAR,Mahabubnagar(U),Yenugonda,16.761294,78.020981,01/02/21,5.89
411,MAHABUBNAGAR,Midjil,Kothapalli,16.7506,78.2315,01/02/21,4.98
412,MAHABUBNAGAR,Midjil,Midjil,16.726583,78.318739,01/02/21,13.65
413,MAHABUBNAGAR,MOOSPET,MOOSPET,16.603141,77.979677,01/02/21,4.89
414,MAHABUBNAGAR,Nawabpet,Nawabpet,16.887999,78.0239,01/02/21,5.19
415,MAHABUBNAGAR,Rajapur,Rajapur,16.8378,78.1538,01/02/21,17.85
416,MANCHERIAL,Bellampally,Bellampally I,19.072388,79.502638,01/02/21,14.44
417,MANCHERIAL,Bhimini,Rampur,19.1695,79.583939,01/02/21,2.15
418,MANCHERIAL,Chennur,Chennur I,18.852222,79.780222,01/02/21,6.32
419,MANCHERIAL,Chennur,Kommera,18.7725,79.79981,01/02/21,2.2
420,MANCHERIAL,Dandepally,Myadaripet,19.005028,79.144671,01/02/21,3.87
421,MANCHERIAL,Hazipur,Hazipur,18.874803,79.322716,01/02/21,3.79
422,MANCHERIAL,Jaipur,Jaipur,18.844277,79.579972,01/02/21,2.82
423,MANCHERIAL,Jaipur,Kundaram,18.787918,79.631578,01/02/21,4.6
424,MANCHERIAL,Jannaram,Indanpally,19.164226,78.910552,01/02/21,4.14
425,MANCHERIAL,Kannepally,Jankapur,18.9999,79.40806,01/02/21,1.91
426,MANCHERIAL,Kasipet,Kondapur,19.039139,79.397808,01/02/21,1.47
427,MANCHERIAL,Kotapally,Kotapally,18.95,79.881944,01/02/21,10.2
428,MANCHERIAL,Laxettipet,Luxettipet,18.877722,79.202054,01/02/21,3.99
429,MANCHERIAL,Mandamarri,Mandamarri,18.978679,79.477854,01/02/21,4.08
430,MANCHERIAL,Mandamarri,Ponnaram,18.940004,79.544712,01/02/21,12.85
431,MANCHERIAL,Nennel,Nennel,19.079833,79.627194,01/02/21,3.93
432,MANCHERIAL,Tandur,Tandur,19.157871,79.456254,01/02/21,11.55
433,MANCHERIAL,Vemanpally,Neelwai,19.04799,79.81505,01/02/21,0.66
434,MEDAK,Alladurg,Alladurg,17.988964,77.923766,01/02/21,20.2
435,MEDAK,Alladurg,Muslapur,,,01/02/21,
436,MEDAK,Chegunta,Chegunta,17.978333,78.459722,01/02/21,8.1
437,MEDAK,Chegunta,Chandiapet,17.9341,78.5186,01/02/21,10.07
438,MEDAK,Chilipade,Chilipade,17.52161,78.07166,01/02/21,28.1
439,MEDAK,Havelighanpur,Mutayapally,18.05046,78.130707,01/02/21,8.3
440,MEDAK,Havelighanpur,Nagaram (Fareedpur),18.04398,78.11515,01/02/21,
441,MEDAK,Kowdipally,Kowdipally,17.895833,78.208333,01/02/21,15
442,MEDAK,Kulcharam,Rangampet,17.945099,78.1176,01/02/21,22.6
443,MEDAK,Manaharabad,Manaharabad,17.45583,78.27446,01/02/21,8
444,MEDAK,Medak,Medak,18.052799,78.270799,01/02/21,14
445,MEDAK,Medak,Pillikotal,18.01261,78.16118,01/02/21,4.55
446,MEDAK,Narasapur,Narasapur,17.735,78.2819,01/02/21,16.2
447,MEDAK,Narasingi,Narasingi,18.02491,78.25505,01/02/21,17.9
448,MEDAK,Narasapur,Reddypally,17.779999,78.259,01/02/21,11.65
449,MEDAK,Nizampet,Naskal,18.1614,78.547599,01/02/21,7.5
450,MEDAK,Papannapet,Papannapet,18.04217,78.085354,01/02/21,12.1
451,MEDAK,Ramayampet,Ramayampet,18.07038,78.25505,01/02/21,9.5
452,MEDAK,Regode,T.lingampally,17.5471,77.49507,01/02/21,
453,MEDAK,Shankarampet,Gavvalapalli,17.971,78.372,01/02/21,7.35
454,MEDAK,Shankarampet R,Shankarampet,18.0517,77.9172,01/02/21,11.55
455,MEDAK,Shivampet,Shivampet,17.46539,78.22027,01/02/21,21.2
456,MEDAK,Shivampet,Gudur,17.7863,78.369999,01/02/21,21.1
457,MEDAK,Shivampet,Usrikapally,17.4916,78.23419,01/02/21,19.6
458,MEDAK,Tekmal,Tekmal,17.975399,78.0304,01/02/21,26
459,MEDAK,Toopran,Islampur,17.841299,78.4775,01/02/21,4.85
460,MEDAK,Toopran,Toopran,17.50275,78.28369,01/02/21,7.6
461,MEDAK,Yeldurthy,Edulapally,17.5656,78.21029,01/02/21,21
462,MEDAK,Yeldurthy,Kukunoor,17.55035,78.192,01/02/21,6.7
463,MEDAK,Yeldurthy,Ramayapally,17.56306,78.19438,01/02/21,7.8
464,MEDAK,Yeldurthy,Yeldurthy,,,01/02/21,
465,MEDAK,Alladurg,Peddapur,,,01/02/21,
466,MEDAK,Chilipched,Chilipched,,,01/02/21,
467,MEDAK,Haveli Ghanpur,Kuchanpally,,,01/02/21,
468,MEDAK,Haveli Ghanpur,Nagapur,,,01/02/21,
469,MEDAK,Haveli Ghanpur,Rajpet,,,01/02/21,
470,MEDAK,Haveli Ghanpur,Sardana,,,01/02/21,
471,MEDAK,Kulcharam,Kulcharam,,,01/02/21,
472,MEDAK,Manoharabad,Muppireddypally,,,01/02/21,
473,MEDAK,Masaipet,Masaipet,,,01/02/21,
474,MEDAK,Medak,Pathur,,,01/02/21,
475,MEDAK,Medak,Perur,,,01/02/21,
476,MEDAK,Medak,Rajpally,,,01/02/21,
477,MEDAK,Narsapur,Chippalthurthy,,,01/02/21,
478,MEDAK,Narsapur,Kagazmaddur,,,01/02/21,
479,MEDAK,Narsapur,Lingapur,,,01/02/21,
480,MEDAK,Narsingi,Narsingi,,,01/02/21,
481,MEDAK,Papannapet,Kodapaka,,,01/02/21,
482,MEDAK,Ramayampet,Dharmaram,,,01/02/21,
483,MEDAK,Ramayampet,Katriyal,,,01/02/21,
484,MEDAK,Ramayampet,Ramayampet,,,01/02/21,
485,MEDAK,Regode,Gajwada,,,01/02/21,
486,MEDAK,Shankarampet-R,Dharpally,,,01/02/21,
487,MEDAK,Shankarampet-R,Shankarampet-R,,,01/02/21,
488,MEDAK,Shivampet,Sikindlapur,,,01/02/21,
489,MEDAK,Tekmal,Dhannaram,,,01/02/21,
490,MEDAK,Tekmal,Yellupet,,,01/02/21,
491,MEDAK,Toopran,Malkapur,,,01/02/21,
492,MEDAK,Toopran,Nagulapally,,,01/02/21,
493,MEDCHAL,Alwal,Old Alwal,17.494,78.508,01/02/21,7.12
494,MEDCHAL,Bachupalli,Nizampet,17.52,78.38,01/02/21,4.12
495,MEDCHAL,Balanagar,Balanagar 1,17.466,78.448,01/02/21,4.85
496,MEDCHAL,Balanagar,Balanagar 2,17.466,78.448,01/02/21,4.7
497,MEDCHAL,Balanagar,Fethenagar,17.46,78.44,01/02/21,8.82
498,MEDCHAL,Dundigal,Dulapally,17.55,78.46,01/02/21,15.43
499,MEDCHAL,Dundigal,Dundigal,17.608,78.416,01/02/21,21.4
500,MEDCHAL,Dundigal,Shambhirpur,18.0188,79.7672,01/02/21,8.75
501,MEDCHAL,Ghatkesar,Ghatkesar,17.447,78.678999,01/02/21,5.27
502,MEDCHAL,Kapra,Balaji Nagar,17.547,78.547,01/02/21,9.5
503,MEDCHAL,Kapra,Cherlapally,17.468,78.611,01/02/21,1.94
504,MEDCHAL,Keesara,Kessara,17.484,78.575,01/02/21,
505,MEDCHAL,Keesara,Yadgarpally,17.549999,78.63,01/02/21,12.03
506,MEDCHAL,Kukatpally,Kaithalapur,17.47,78.4,01/02/21,4.1
507,MEDCHAL,Kukatpally,Kukatpally 1,17.481,78.397,01/02/21,9.49
508,MEDCHAL,Kukatpally,Kukatpally 2,17.49,78.39,01/02/21,6.05
509,MEDCHAL,Malkajgiri,Malkajgiri,17.448999,78.535,01/02/21,12.16
510,MEDCHAL,Medchal,Gundla pochampally,17.567,78.479999,01/02/21,9.89
511,MEDCHAL,Medchal,Medchal,17.626505,78.494569,01/02/21,5.35
512,MEDCHAL,Medchal,Pudur,,,01/02/21,
513,MEDCHAL,Qutubullapur,Gajularamaram 1,17.53,78.42,01/02/21,1.8
514,MEDCHAL,Qutubullapur,Gajularamaram 2,17.53,78.42,01/02/21,1.83
515,MEDCHAL,Qutubullapur,Jeedimetla,17.523611,78.442777,01/02/21,13.25
516,MEDCHAL,Qutubullapur,Qutubullapur 1,17.498,78.454999,01/02/21,
517,MEDCHAL,Qutubullapur,Qutubullapur 2,17.501944,78.462222,01/02/21,20.87
518,MEDCHAL,Qutubullapur,Shapurnagar,,,01/02/21,
519,MEDCHAL,shahmirpet,Jagamguda,17.615286,78.627757,01/02/21,
520,MEDCHAL,shahmirpet,Pothaipally,17.551,78.539999,01/02/21,9.5
521,MEDCHAL,shahmirpet,Shahmirpet,17.582999,78.573999,01/02/21,2.1
522,MEDCHAL,shahmirpet,Turkapally,17.667,78.594,01/02/21,2.21
523,MEDCHAL,Uppal,Uppal,17.408,78.584,01/02/21,4.7
524,MEDCHAL,MEDIPALLY,MEDIPALLY,,,01/02/21,6.69
525,MEDCHAL,Alwal,Yapral Sub station,,,01/02/21,
526,MEDCHAL,Ghatkesar,Singapur Township Sub Station,,,01/02/21,
527,MEDCHAL,Kapra,N.N Colony Kapra Sub Station,,,01/02/21,
528,MEDCHAL,Kapra,Balaji Nagar Substation,,,01/02/21,
529,MEDCHAL,Keesara,Keesara Sub station,,,01/02/21,
530,MEDCHAL,Keesara,Jafarguda MPP School (Godumakunta),,,01/02/21,
531,MEDCHAL,Kukatpally,Kukatpally MRO Office,,,01/02/21,
532,MEDCHAL,Malkajgiri,Moula - Ali Sub station,,,01/02/21,
533,MEDCHAL,Medchal,Dabilpur park in GP Layout,,,01/02/21,
534,MEDCHAL,Medchal,Banda Madaram Sub station,,,01/02/21,
535,MEDCHAL,Shamirpet,Ponnala ZPHS,,,01/02/21,
536,MEDCHAL,Shamirpet,DevaraYamjal Near Mission Bhagirath Compound,,,01/02/21,
537,MEDCHAL,Shamirpet,Ailayabad ZPHS,,,01/02/21,
538,MEDCHAL,Uppal,Mallapur Sub Station,,,01/02/21,
539,MEDCHAL,Medipally,Chengicharla Sub Station,,,01/02/21,
540,MEDCHAL,Medipally,Medipally ZPHS,,,01/02/21,
541,MEDCHAL,M.C.Pally,Laxmapur Sub Station,,,01/02/21,
542,MULUGU,Eturu Nagaram,Eturu Nagaram (D),18.324,80.414,01/02/21,12.85
543,MULUGU,Eturu Nagaram,Eturu Nagaram (S),18.3374,80.423199,01/02/21,13.12
544,MULUGU,Govindaraopet,Pasra,18.207438,80.171524,01/02/21,4.1
545,MULUGU,Govindaraopet,Project Nagar,18.233333,80.183333,01/02/21,3.06
546,MULUGU,Kannaigudem,Kannaigudem,18.526299,80.345399,01/02/21,5.21
547,MULUGU,Mangapet,Kamalapuram,18.2659,80.474699,01/02/21,13.09
548,MULUGU,Mangapet,Mallur,18.2188,80.562,01/02/21,9.49
549,MULUGU,Mangapet,Rajupet,18.153899,80.6256,01/02/21,5.2
550,MULUGU,Mulugu,Jakkaram(D),18.16763889,79.88155556,01/02/21,12.25
551,MULUGU,Mulugu,Jakkaram(S),18.163199,79.8869,01/02/21,12.21
552,MULUGU,Mulugu,Kasimdevpet,18.166099,79.9977,01/02/21,3.65
553,MULUGU,Mulugu,Mulugu,18.192199,79.942499,01/02/21,5.36
554,MULUGU,Tadvai,Beerelli,18.10219444,80.43202778,01/02/21,11.84
555,MULUGU,Tadvai,Gangaram,18.1755,80.3708,01/02/21,6.18
556,MULUGU,Tadvai,Lavvala,18.170699,80.2632,01/02/21,7.72
557,MULUGU,Tadvai,Medaram,18.3138,80.2458,01/02/21,4.23
558,MULUGU,Tadvai,Tadvai,18.2365,80.3146,01/02/21,6.1
559,MULUGU,Vankatapur,Laxmidevipet,18.2936,79.955899,01/02/21,2.92
560,MULUGU,Venkatapuram,Alubaka ***,18.20502778,80.67138889,01/02/21,7.92
561,MULUGU,Venkatapuram,Edira ***,18.13855556,80.73094444,01/02/21,4.72
562,MULUGU,Venkatapuram,Marikal,18.310623,80.499136,01/02/21,7.12
563,MULUGU,Venkatapuram,Nuguru ***,18.34036111,80.554,01/02/21,4.92
564,MULUGU,Wazeedu,Jagannadhapuram ***,18.43163889,80.50836111,01/02/21,10.92
565,MULUGU,Wazeedu,Peddagollagudem ***,18.48641667,80.46461111,01/02/21,9.62
566,MULUGU,Wazeedu,Perur ***,18.53205556,80.39388889,01/02/21,11.21
567,MULUGU,Wazeedu,Tekulagudem ***,18.56111111,80.40469444,01/02/21,10.25
568,NAGARKURNOOL,Achampet,Achampet,16.398306,78.651523,01/02/21,8.85
569,NAGARKURNOOL,Amarabad,Domalapenta,16.10322,78.89822,01/02/21,6.13
570,NAGARKURNOOL,Amarabad,Madhavanipally,16.37868889,78.86608333,01/02/21,5.37
571,NAGARKURNOOL,Amarabad,Mannanoor,16.374166,78.771666,01/02/21,13.14
572,NAGARKURNOOL,Amarabad,Vatverlapallly,,,01/02/21,
573,NAGARKURNOOL,Balmur,Balmur,16.331127,78.566382,01/02/21,11.46
574,NAGARKURNOOL,Balmur,Banala,16.32096389,78.63925556,01/02/21,10.41
575,NAGARKURNOOL,Balmur,Gattuthummena,16.40607778,78.553425,01/02/21,3.73
576,NAGARKURNOOL,Bijinepalli,Bijinepalli,16.535278,78.196422,01/02/21,9.38
577,NAGARKURNOOL,Charakonda,Charakonda,16.69554,78.71074,01/02/21,3.46
578,NAGARKURNOOL,Kalwakuthy,GUNDUR,,,01/02/21,5.78
579,NAGARKURNOOL,Kalwakuthy,Kalwakuthy,16.666999,78.488,01/02/21,9.45
580,NAGARKURNOOL,Kalwakuthy,Lingasanipally,16.5528,78.469399,01/02/21,
581,NAGARKURNOOL,Kalwakuthy,Marchala,16.691699,78.4542,01/02/21,
582,NAGARKURNOOL,Kodair,Kodair,16.269624,78.274343,01/02/21,1.09
583,NAGARKURNOOL,Kodair,Thurkadinne,16.29225278,78.23323056,01/02/21,1.11
584,NAGARKURNOOL,Kollapur,Kollapur,16.106999,78.306,01/02/21,2.39
585,NAGARKURNOOL,Kollapur,Molachintalapally,16.1389,78.4181,01/02/21,2.05
586,NAGARKURNOOL,Lingal,Ambatipally,16.277,78.446,01/02/21,3.94
587,NAGARKURNOOL,Lingal,Lingal,16.2681,78.5208,01/02/21,5.42
588,NAGARKURNOOL,Nagarkurnool,Manthati,16.440149,78.351615,01/02/21,4.64
589,NAGARKURNOOL,Nagarkurnool,Nagarkurnool,16.491743,78.302619,01/02/21,11.44
590,NAGARKURNOOL,Padra,Padra,16.43365,78.87762,01/02/21,2.81
591,NAGARKURNOOL,Peddakothapally,Maredumandinne,16.21548333,78.40606389,01/02/21,3.3
592,NAGARKURNOOL,Pentlavelle,Pentlavelle,16.07544,78.2595,01/02/21,2.29
593,NAGARKURNOOL,Tadoor,Tadoor,16.515833,78.359999,01/02/21,
594,NAGARKURNOOL,Tadoor,Vengampally,16.544155,78.398824,01/02/21,6.8
595,NAGARKURNOOL,Telkapally,Karvanga,16.48838611,78.42719167,01/02/21,2.95
596,NAGARKURNOOL,Telkapally,Telkapally,16.435091,78.440307,01/02/21,1.85
597,NAGARKURNOOL,Thimmajipet,Gummakonda,16.6224,78.189999,01/02/21,5
598,NAGARKURNOOL,Uppununuthala,Laxmapur,16.45913889,78.59918333,01/02/21,3.2
599,NAGARKURNOOL,Uppununuthala,Uppununthala,16.450018,78.591328,01/02/21,4.33
600,NAGARKURNOOL,Urkonda,Urkonda,16.73127,78.41119,01/02/21,12.76
601,NAGARKURNOOL,Vangoor,Vangoor,16.612799,78.6225,01/02/21,3.39
602,NAGARKURNOOL,Veldanda,Veldanda,16.73106,78.5211,01/02/21,13
603,NALGONDA,Advidevulapally,Ulsaipalem,16.706822,79.499703,01/02/21,0.43
604,NALGONDA,Anumula,Anumula,16.77561111,79.27144444,01/02/21,5.11
605,NALGONDA,Anumula,Chintagudem,16.833094,79.292086,01/02/21,2.42
606,NALGONDA,Anumula,Pulimamidi,16.884037,79.267224,01/02/21,5.32
607,NALGONDA,Anumula,Rajavaram,16.70663889,79.40966667,01/02/21,7.48
608,NALGONDA,Anumula,Sreerampur,16.72222222,79.30194444,01/02/21,2.33
609,NALGONDA,Bommakal,Bommakal,,,01/02/21,
610,NALGONDA,Chandampet,Buddoni thanda,16.553849,78.962028,01/02/21,10.94
611,NALGONDA,Chandampet,Chandampet,16.578477,78.888363,01/02/21,6.59
612,NALGONDA,Chandampet,Kambalapally,16.450582,79.114232,01/02/21,2.47
613,NALGONDA,Chandampet,Thelidevarapally,16.505545,78.969167,01/02/21,19.39
614,NALGONDA,Chandampet,Yelmalmanda,16.49277778,79.145,01/02/21,
615,NALGONDA,Chandur,Angadipet,16.98405556,79.02122222,01/02/21,6.3
616,NALGONDA,Chandur,Bangarigadda,16.98577778,79.01002778,01/02/21,5.33
617,NALGONDA,Chandur,Chandur,16.98047222,79.04952778,01/02/21,10.04
618,NALGONDA,Chandur,Chandur,,,01/02/21,6.28
619,NALGONDA,Chandur,Donipamula,16.983027,78.980496,01/02/21,
620,NALGONDA,Chandur,Ghattuppal,17.057975,78.915649,01/02/21,6.27
621,NALGONDA,Chandur,Nermata,17.00213889,78.98341667,01/02/21,9.52
622,NALGONDA,Chandur,Pullemla,17.02622222,79.02136111,01/02/21,9.63
623,NALGONDA,Chandur,Sirdepally,17.01602778,79.06169444,01/02/21,6.45
624,NALGONDA,Chinthapally,Kurmed Gate,16.892055,78.755194,01/02/21,
625,NALGONDA,Chinthapally,Teeded,16.792111,78.909846,01/02/21,
626,NALGONDA,Chityala,Urumadla,17.182742,79.090249,01/02/21,6.17
627,NALGONDA,Chityala,Veliminedu,17.228916,79.020166,01/02/21,
628,NALGONDA,Devarakonda,Kamalapur,16.72547222,78.86175,01/02/21,8.11
629,NALGONDA,Devarakonda,Konda Bheemanapally,16.69391667,78.86025,01/02/21,5.21
630,NALGONDA,Devarakonda,Padamtipally,16.68838889,78.80213889,01/02/21,9
631,NALGONDA,Devarakonda,Tatikole,16.65111111,78.85719444,01/02/21,
632,NALGONDA,Gundlapally,Dhindi,16.552222,78.6925,01/02/21,4.49
633,NALGONDA,Gundlapally,Vavikole,16.66933333,78.75141667,01/02/21,2.69
634,NALGONDA,Gurrampode,Gurrampode,16.851709,79.091378,01/02/21,1.24
635,NALGONDA,Gurrampode,Koppole,16.91047222,79.15686111,01/02/21,1.53
636,NALGONDA,Gurrampode,Palvai,16.75244,79.024457,01/02/21,5.59
637,NALGONDA,K.Mallepally,K.Mallepally,16.729392,78.981033,01/02/21,4.08
638,NALGONDA,kanagala,kanagala,16.937341,79.198425,01/02/21,3.08
639,NALGONDA,Kattangur,Cheruvu Annaram,17.21844444,79.36608333,01/02/21,13.95
640,NALGONDA,Kattangur,Kattangur,17.161891,79.320303,01/02/21,4.52
641,NALGONDA,Kattangur,Pamangundla,17.180769,79.267943,01/02/21,9.94
642,NALGONDA,Kethepally,Kethepally,17.147211,79.511941,01/02/21,1.64
643,NALGONDA,Kompalli,Kompalli,17.09741667,79.00191667,01/02/21,
644,NALGONDA,Kurmed Gate,Kurmed Gate,,,01/02/21,
645,NALGONDA,Madugulapally,Kannekal,16.94138889,79.3875,01/02/21,5.03
646,NALGONDA,Marriguda,Antampet,17.036111,78.888888,01/02/21,8.77
647,NALGONDA,Marriguda,Khudabhaksh pally,17.02913889,78.83172222,01/02/21,17.98
648,NALGONDA,Marriguda,Lenkala pally,16.98722222,78.94816667,01/02/21,5.52
649,NALGONDA,Marriguda,Marriguda,16.94,78.86377778,01/02/21,
650,NALGONDA,Marriguda,Namapur,17.02688889,78.92738889,01/02/21,2.82
651,NALGONDA,Marriguda,Sarampet,16.99188889,78.89580556,01/02/21,22.15
652,NALGONDA,Marriguda,Shivannagudam,17.00558333,78.8845,01/02/21,14
653,NALGONDA,Marriguda,Shivannagudam,16.99697222,78.88975,01/02/21,6.65
654,NALGONDA,Miryalguda,B.Annaram,16.778908,79.558144,01/02/21,0.25
655,NALGONDA,Miryalguda,Kothagudem,16.824506,79.598463,01/02/21,1.38
656,NALGONDA,Munugode,Kistapur,17.169309,79.024404,01/02/21,2.43
657,NALGONDA,Munugode,Kompalli,17.099308,78.993715,01/02/21,5.19
658,NALGONDA,Munugode,Munugode,17.065875,79.077438,01/02/21,5.64
659,NALGONDA,Nakrekal,Arlagaddagudam,17.13280556,79.37808333,01/02/21,10.15
660,NALGONDA,Nakrekal,Nakrekal,17.163631,79.429158,01/02/21,4.77
661,NALGONDA,Nakrekal,Palem,17.22166667,79.47133333,01/02/21,4.88
662,NALGONDA,Nakrekal,Vallabhapur,17.23494444,79.49755556,01/02/21,1.37
663,NALGONDA,Nalgonda,Mushampally,16.97492,79.32478,01/02/21,4.83
664,NALGONDA,Nalgonda,Nalgonda,17.038588,79.253982,01/02/21,
665,NALGONDA,Nalgonda,Narsingbhatla,17.016163,79.148493,01/02/21,4.82
666,NALGONDA,Nalgonda,Panagal,17.076937,79.311747,01/02/21,2.4
667,NALGONDA,Nalgonda,S L B C G V guda,17.060183,79.300907,01/02/21,4.15
668,NALGONDA,Nalgonda,Seetarampuram,17.110312,79.216751,01/02/21,10.06
669,NALGONDA,Nalgonda,Velugupally,16.991392,79.306945,01/02/21,3.89
670,NALGONDA,Narketpalli,Akkenepally,17.301,79.24425,01/02/21,2.35
671,NALGONDA,Narketpalli,Narketpalli,17.20025,79.191305,01/02/21,9.8
672,NALGONDA,Neredgomma,Kothapally,16.59344444,79.03491667,01/02/21,3.17
673,NALGONDA,Neredgomma,Neradugomma,16.597169,78.972569,01/02/21,14.33
674,NALGONDA,Nidamanuru,Nidamanur,16.830555,79.374999,01/02/21,4.48
675,NALGONDA,Nidamanuru,Thummadam,16.809982,79.42695,01/02/21,4.1
676,NALGONDA,P.A Pally,Angadipet,16.716555,79.084472,01/02/21,2.97
677,NALGONDA,P.A Pally,Azmapur,16.601486,79.0789,01/02/21,3.74
678,NALGONDA,P.Kondaram,P.Kondaram,,,01/02/21,
679,NALGONDA,Peddavoora,Peddavoora,16.74399,79.187767,01/02/21,2.63
680,NALGONDA,Peddavoora,Pulicherla,16.655305,79.174829,01/02/21,4.32
681,NALGONDA,Peddavoora,Velmaguda,16.764,79.20325,01/02/21,5.21
682,NALGONDA,Peddavoora,Vijayapuri North,16.58027778,79.31477778,01/02/21,14.62
683,NALGONDA,Shaligowraram,Baironibanda,17.301938,79.301465,01/02/21,15.23
684,NALGONDA,Shaligowraram,P.Kondaram,17.249444,79.423055,01/02/21,5.06
685,NALGONDA,Shaligowraram,Vallala,17.24661111,79.389,01/02/21,5.9
686,NALGONDA,Thiparthy,Pedda Suraram,17.08380556,79.33866667,01/02/21,5.14
687,NALGONDA,Thiparthy,Thipparthy,17.01375,79.418305,01/02/21,1.51
688,NALGONDA,Thiparthy,Mamidala,17.070712,79.47315,01/02/21,5.61
689,NALGONDA,Tirumalagiri(Sagar),Nellikal,16.649373,79.301538,01/02/21,24.73
690,NALGONDA,Vemulapally,Bommakal,17.03225,79.52422222,01/02/21,4.03
691,NALGONDA,Vemulapally,Settipalem,16.951483,79.554738,01/02/21,6.86
692,NARAYANPET,Damargidda,Kanukurthy,16.889856,77.470614,01/02/21,8.65
693,NARAYANPET,DHANWADA,DHANWADA,16.639525,77.658409,01/02/21,7.68
694,NARAYANPET,Kosigi,Kosigi,16.984631,77.705505,01/02/21,4.77
695,NARAYANPET,Krishna,Chegunta,16.477596,77.311796,01/02/21,8.05
696,NARAYANPET,Krishna,Hindhupur,16.415,77.34563,01/02/21,3.75
697,NARAYANPET,Maddur,Maddur,16.857,77.607,01/02/21,8.39
698,NARAYANPET,Maganur,Maganur,16.458515,77.431209,01/02/21,4.4
699,NARAYANPET,Makthal,Makthal,16.500518,77.500096,01/02/21,3.28
700,NARAYANPET,Marikal,Marikal,16.592044,77.698167,01/02/21,10.86
701,NARAYANPET,Narayanpet,Appireddypally,16.73403,77.57334,01/02/21,5.29
702,NARAYANPET,Narayanpet,Kollampally,16.680069,77.631447,01/02/21,4.07
703,NARAYANPET,Narayanpet,Kotakonda,16.758081,77.642021,01/02/21,3.96
704,NARAYANPET,Narayanpet,Narayanapet,16.7423,77.481199,01/02/21,3.56
705,NARAYANPET,Narva,Narva,16.4706,77.656699,01/02/21,8.2
706,NARAYANPET,Utkoor,Pulimamidi,16.58111,77.552755,01/02/21,6.05
707,NARAYANPET,Utkoor,Utkoor,16.6407,77.5003,01/02/21,3.78
708,NARAYANPET,Utkoor,Chinnaporla,16.591504,77.536202,01/02/21,5.48
709,NIRMAL,Dilawarpur,Dilawarpur,19.092306,78.22198,01/02/21,9.57
710,NIRMAL,Kadam,Kadam,19.09747,78.77456,01/02/21,3.02
711,NIRMAL,Khanapur,Khanapur,19.047089,78.662131,01/02/21,7.93
712,NIRMAL,Kubeer,Kubeer,19.2495,77.945833,01/02/21,5.22
713,NIRMAL,Kuntala,Kuntala,19.169299,78.1004,01/02/21,14.84
714,NIRMAL,Laxmanchanda,Laxmanchanda,19.017055,78.460861,01/02/21,1.4
715,NIRMAL,Lokeswaram,Abdullapur,18.9703,78.0378,01/02/21,11.85
716,NIRMAL,Lokeswaram,Lokeswaram,19.024499,78.0899,01/02/21,13.47
717,NIRMAL,Lokeswaram,Manmad,19.061111,78.115833,01/02/21,19.15
718,NIRMAL,Mamada,Mamada,19.077972,78.522916,01/02/21,3.45
719,NIRMAL,Mudhole,Mudhole,18.977199,77.916699,01/02/21,10.8
720,NIRMAL,Narsapur,Narsapur,19.109799,78.1653,01/02/21,10.98
721,NIRMAL,Nirmal,Nirmal,19.092416,78.343527,01/02/21,3.2
722,NIRMAL,Pembi,Pembi,19.1885,78.6374,01/02/21,4.32
723,NIRMAL,Sarangapur,Beeravelly,19.139638,78.261972,01/02/21,10.5
724,NIRMAL,Sarangapur,Ponkur (Swarna),19.246611,78.215138,01/02/21,9.93
725,NIRMAL,Tanur,Bhosi,19.109333,77.879444,01/02/21,20.65
726,NIRMAL,BASAR,BASAR,,,01/02/21,
727,NIRMAL,BHAINSA,BHAINSA,,,01/02/21,
728,NIRMAL,BHAINSA,KAMOLE,,,01/02/21,
729,NIRMAL,BHAINSA,MATEGAON-B,,,01/02/21,
730,NIRMAL,DASTURABAD,DASTURABAD,,,01/02/21,
731,NIRMAL,DASTURABAD,GONDSERIALA,,,01/02/21,
732,NIRMAL,DILAWARPUR,MALLAPUR,,,01/02/21,
733,NIRMAL,KADDAM,CHINNABELLAL,,,01/02/21,
734,NIRMAL,KADDAM,LAXMIPUR,,,01/02/21,
735,NIRMAL,KADDAM,LINGAPUR,,,01/02/21,
736,NIRMAL,KADDAM,ALLAMPALLY,,,01/02/21,
737,NIRMAL,KADDAM,GANDIGOPALPUR,,,01/02/21,
738,NIRMAL,KHANAPUR,BEERNANDI,,,01/02/21,
739,NIRMAL,KHANAPUR,RAJURA,,,01/02/21,
740,NIRMAL,KHANAPUR,SURJAPUR,,,01/02/21,
741,NIRMAL,KUBEER,PANGRA,,,01/02/21,
742,NIRMAL,KUNTALA,KALLUR,,,01/02/21,
743,NIRMAL,LOKESWARAM,DHARMORA,,,01/02/21,
744,NIRMAL,LOKESWARAM,PUSPUR,,,01/02/21,
745,NIRMAL,MAMADA,PONKAL,,,01/02/21,
746,NIRMAL,MAMADA,TANDRA,,,01/02/21,
747,NIRMAL,MUDHOLE,CHINCHALA,,,01/02/21,
748,NIRMAL,PEMBI,LOTHAR THANDA,,,01/02/21,
749,NIRMAL,SOAN,PAKPATLA,,,01/02/21,
750,NIRMAL,TANUR,TANUR,,,01/02/21,
751,NIZAMABAD,Armoor,Macharla,18.5154,78.1319,01/02/21,2.5
752,NIZAMABAD,Armoor,perkit,18.807999,78.314999,01/02/21,8.53
753,NIZAMABAD,Bheemgal,Bheemgal,18.714999,78.442,01/02/21,5.9
754,NIZAMABAD,Bheemgal,Gongoppula,18.3818,78.2537,01/02/21,22.9
755,NIZAMABAD,Bheemgal,Jagiryal,18.4355,78.2623,01/02/21,6.22
756,NIZAMABAD,Bheemgal,Mendora,18.4316,78.3022,01/02/21,4.97
757,NIZAMABAD,Bheemgal,Thallapally,18.3828,78.334,01/02/21,21.35
758,NIZAMABAD,Bodhan,Bodhan,18.670499,77.892499,01/02/21,5.45
759,NIZAMABAD,Bodhan,Chinnamavandi,,,01/02/21,25.27
760,NIZAMABAD,Bodhan,Saloor,,,01/02/21,3.53
761,NIZAMABAD,Darpally,Ramadugu,18.613,78.309,01/02/21,5.4
762,NIZAMABAD,Darpally,Honnajipet,18.322,78.2323,01/02/21,8.5
763,NIZAMABAD,Dichpally,Yanampally,18.627,78.249,01/02/21,12.69
764,NIZAMABAD,Indalwai,Gannaram,18.512497,78.234885,01/02/21,5.25
765,NIZAMABAD,Jakrampally,Jakrampally,18.707199,78.271599,01/02/21,9.35
766,NIZAMABAD,Kammarapalli,Choutpalli,18.7753,78.5416,01/02/21,3.55
767,NIZAMABAD,Kammarapalli,Inayathnagar,18.4268,78.3311,01/02/21,6.37
768,NIZAMABAD,Kammarapalli,Kammarpally,18.4925,78.3036,01/02/21,13.03
769,NIZAMABAD,Kotagiri,Kotagiri,18.575,77.830299,01/02/21,17.33
770,NIZAMABAD,Kotagiri,Kallur,,,01/02/21,13.14
771,NIZAMABAD,Kotagiri,Takli,18.3755,77.4752,01/02/21,18.38
772,NIZAMABAD,Makloor,Madanapally,18.680999,78.178,01/02/21,11.62
773,NIZAMABAD,Makloor,Makloor,18.7517,78.124822,01/02/21,
774,NIZAMABAD,Mendora,Mendora,18.5653,78.242,01/02/21,3.18
775,NIZAMABAD,Morthad,Morthad,18.825999,78.449,01/02/21,14.65
776,NIZAMABAD,Mugpal,Manchippa,18.538999,78.114,01/02/21,3.46
777,NIZAMABAD,Mupkal,Mupkal,18.912998,78.361616,01/02/21,14.72
778,NIZAMABAD,Mupkal,Renjarla,18.5358,78.2508,01/02/21,7.69
779,NIZAMABAD,Nandipet,Ailapoor,18.853,78.114,01/02/21,7.83
780,NIZAMABAD,Nandipet,Badguni,18.569,78.88,01/02/21,11.08
781,NIZAMABAD,Nandipet,Nutpally,18.936499,78.218199,01/02/21,4.01
782,NIZAMABAD,Nandipet,Velmal,18.826388,78.159444,01/02/21,14.54
783,NIZAMABAD,Navipet,Fakeerabad,,,01/02/21,
784,NIZAMABAD,Navipet,Nizampur,18.5146,78.31,01/02/21,5.78
785,NIZAMABAD,Navipet,Yemcha,18.516,78.583,01/02/21,8
786,NIZAMABAD,Nizamabad,Arsapally,18.685342,78.06863,01/02/21,4.68
787,NIZAMABAD,Nizamabad Rural,Malkapur,18.4352,78.31,01/02/21,10.47
788,NIZAMABAD,Renjal,Dupally,18.732999,77.990999,01/02/21,16.48
789,NIZAMABAD,Renjal,Satapoor,18.747833,77.930703,01/02/21,
790,NIZAMABAD,Rudrur,Rayakur,18.610199,77.8575,01/02/21,12.67
791,NIZAMABAD,Sirikonda,Cheemanpally,18.335,78.323,01/02/21,15.95
792,NIZAMABAD,Sirikonda,Gadkole,18.323,78.2623,01/02/21,19.89
793,NIZAMABAD,Sirikonda,Pakala,18.3041,78.306,01/02/21,15.11
794,NIZAMABAD,Sirikonda,Peddavolgote,18.604,78.426,01/02/21,3.83
795,NIZAMABAD,Sirikonda,Sirikonda,18.3447,78.2733,01/02/21,24.82
796,NIZAMABAD,Sirikonda,Thumpally,18.2833,78.294,01/02/21,8.74
797,NIZAMABAD,Tadvai,Aragonda,,,01/02/21,
798,NIZAMABAD,Vailpoor,Ankushpur,18.811,78.395999,01/02/21,8.91
799,NIZAMABAD,Vailpoor,Vailpoor,18.772999,78.386,01/02/21,13.88
800,NIZAMABAD,Varni,Rudrur,,,01/02/21,
801,NIZAMABAD,Varni,Jalalpur,,,01/02/21,10.53
802,NIZAMABAD,Varni,Varni,18.3114,77.5327,01/02/21,8.03
803,NIZAMABAD,Yedapalli,Yedapalli,18.677999,77.954,01/02/21,13.53
804,NIZAMABAD,Yergatla,Yergatla,18.5426,78.2857,01/02/21,6.38
805,NIZAMABAD,Armoor,Ankapur,78.242,,01/02/21,
806,NIZAMABAD,Armoor,Manthini,78.254,,01/02/21,
807,NIZAMABAD,Balkonda,Balkonda,78.3485,,01/02/21,
808,NIZAMABAD,Balkonda,Vannel (B),78.3782,,01/02/21,
809,NIZAMABAD,Bheemgal,Bada Bheemgal,78.4026,,01/02/21,
810,NIZAMABAD,Bheemgal,Kupkal,78.5061,,01/02/21,
811,NIZAMABAD,Bheemgal,Pallykonda,78.4794,,01/02/21,
812,NIZAMABAD,Bodhan,Sangam,77.9114,,01/02/21,
813,NIZAMABAD,Dharpally,Kotalpally,78.3599,,01/02/21,
814,NIZAMABAD,Dichpally,Dichpally,78.1937,,01/02/21,
815,NIZAMABAD,Indalwai,Indalwai,78.2493,,01/02/21,
816,NIZAMABAD,Jakranpally,Thorikonda,78.3107,,01/02/21,
817,NIZAMABAD,Mendora,Doodgaon,78.3739,,01/02/21,
818,NIZAMABAD,Morthad,Palem,78.4401,,01/02/21,
819,NIZAMABAD,Mosra,Mosra,77.9776,,01/02/21,
820,NIZAMABAD,Mugpal,Mugpal,78.1218,,01/02/21,
821,NIZAMABAD,Nandipet,Donkeswar,78.1855,,01/02/21,
822,NIZAMABAD,Nandipeta,Talweda,78.094,,01/02/21,
823,NIZAMABAD,Nizamabad North,Dubba,78.1039,,01/02/21,
824,NIZAMABAD,Nizamabad North,Kanteswar,78.1105,,01/02/21,
825,NIZAMABAD,Nizamabad Rural,Gupanpally,78.1346,,01/02/21,
826,NIZAMABAD,Nizamabad Rural,Palda,78.0822,,01/02/21,
827,NIZAMABAD,Nizamabad South,Shivajinagar,78.0898,,01/02/21,
828,NIZAMABAD,Renjal,Dandigutta,77.9766,,01/02/21,
829,NIZAMABAD,Sirikonda,Chinna Volgate,78.4451,,01/02/21,
830,NIZAMABAD,Sirikonda,Musheernagar,78.4144,,01/02/21,
831,NIZAMABAD,Velpoor,Pachal Narkuda,78.3718,,01/02/21,
832,NIZAMABAD,Velpoor,Ramannapet,78.4382,,01/02/21,
833,NIZAMABAD,Yedapally,Thanakalan,78.007,,01/02/21,
834,NIZAMABAD,Yeragatla,Gumriyal,78.5152,,01/02/21,
835,PEDDAPALLY,Antergaon,Goliwada,18.833305,79.420027,01/02/21,7.45
836,PEDDAPALLY,Dharmaram,Dharmaram,18.7453,79.187199,01/02/21,6.28
837,PEDDAPALLY,Dharmaram,Khilavanparthy,18.703666,79.27625,01/02/21,3.68
838,PEDDAPALLY,Eligedu,Eligedu,18.552157,79.260942,01/02/21,4.09
839,PEDDAPALLY,Julapalli,Julapalli,18.620499,79.2492,01/02/21,4
840,PEDDAPALLY,Kamanpur,Rompikunta,18.669583,79.480861,01/02/21,2.19
841,PEDDAPALLY,Manthani,Eglaspur,18.646138,79.690944,01/02/21,20.75
842,PEDDAPALLY,Manthani,Gunjapadugu,18.686694,79.604833,01/02/21,14.08
843,PEDDAPALLY,Manthani,Khansaipet,18.665719,79.731276,01/02/21,5.49
844,PEDDAPALLY,Manthani,Manthani,18.65,79.666666,01/02/21,12.1
845,PEDDAPALLY,Manthani,Venkatapur,18.654638,79.801555,01/02/21,11.21
846,PEDDAPALLY,Mutharam (Man),Khammampally,18.557083,79.699611,01/02/21,8.72
847,PEDDAPALLY,Odella,Odella,18.4528,79.46,01/02/21,4.7
848,PEDDAPALLY,Peddapalli,Peddapalli,18.6017,79.389999,01/02/21,5.89
849,PEDDAPALLY,Ramagundam,Palakurthy,18.61652778,79.38755556,01/02/21,4.88
850,PEDDAPALLY,Ramagundam,Ramagundam,18.759388,79.506611,01/02/21,1.21
851,PEDDAPALLY,Srirampuram,Srirampuram,18.484581,79.526019,01/02/21,7.7
852,RANGAREDDY,Chevella,Alur,17.323999,78.064,01/02/21,8.1
853,RANGAREDDY,Amangal,Amangal,16.844199,78.5425,01/02/21,4.7
854,RANGAREDDY,Shabad,Antharam,17.471,78.326,01/02/21,7.36
855,RANGAREDDY,Balapur,Balapur (Leninnagar),17.3213,78.518,01/02/21,6.23
856,RANGAREDDY,Abdullapurmet,Batasingaram,17.301,78.7246,01/02/21,2.18
857,RANGAREDDY,Kondurgu,Bhairampally,17.119399,78.075,01/02/21,5.58
858,RANGAREDDY,Manchal,Bodakonda,17.061999,78.768999,01/02/21,3.44
859,RANGAREDDY,Chevella,Dharmasagar,17.336,78.154,01/02/21,13.28
860,RANGAREDDY,Ibrahimpatnam,Elimenadu,17.149,78.599,01/02/21,7.75
861,RANGAREDDY,Serilingampally,Gachibowli,17.43,78.367999,01/02/21,
862,RANGAREDDY,Madgula,Irvin,16.779781,78.715601,01/02/21,4.34
863,RANGAREDDY,Kadthal,Kadthal,16.975,78.5022,01/02/21,11.55
864,RANGAREDDY,Kandukur,Kandukur,17.079999,78.48,01/02/21,4.03
865,RANGAREDDY,Kadthal,Karkalpad,16.9291,78.5275,01/02/21,5.08
866,RANGAREDDY,Keshampet,Keshampet,16.943945,78.329383,01/02/21,8.09
867,RANGAREDDY,Moinabad,Kethereddipally,17.276,78.222999,01/02/21,11.47
868,RANGAREDDY,Ibrahimpatnam,Kongarkalan,17.203999,78.544999,01/02/21,5.2
869,RANGAREDDY,Kothur,Kothur,17.1587,78.287899,01/02/21,4.7
870,RANGAREDDY,Madgula,Kulkulpally,16.906166,78.725869,01/02/21,14.55
871,RANGAREDDY,Abdullapurmet,Kuntloor,17.3403,78.6266,01/02/21,2.84
872,RANGAREDDY,Madgula,Madgula,16.843335,78.687875,01/02/21,8.24
873,RANGAREDDY,Maheswaram,Maheswaram,17.135,78.439,01/02/21,10.54
874,RANGAREDDY,Shamshabad,Malkaram,17.256,78.282,01/02/21,13.62
875,RANGAREDDY,Manchal,Manchal,17.16,78.738999,01/02/21,4.34
876,RANGAREDDY,Ibrahimpatnam,Mangalpally,17.22,78.598,01/02/21,5.28
877,RANGAREDDY,Moinabad,Moinabad,17.33,78.289999,01/02/21,3.51
878,RANGAREDDY,Balapur,Nadhargull,17.2728,78.5401,01/02/21,4.92
879,RANGAREDDY,Shamshabad,Ootlapally,17.249999,78.367999,01/02/21,7.64
880,RANGAREDDY,Shamshabad,Palmokole,17.203999,78.300999,01/02/21,5.65
881,RANGAREDDY,Maheswaram,Pondiyala,17.12522,78.381701,01/02/21,5.27
882,RANGAREDDY,Rajender Nagar,Rajender Nagar,17.315999,78.405,01/02/21,8.71
883,RANGAREDDY,Farooqnagar,Shadnagar,17.0714,78.2052,01/02/21,17.43
884,RANGAREDDY,Shahbad,Shahbad,17.201999,78.103999,01/02/21,15.3
885,RANGAREDDY,Shankarpalli,Shankarpalli,17.452999,78.131,01/02/21,15.96
886,RANGAREDDY,Kothur,Siddapur,17.0514,78.351399,01/02/21,8.1
887,RANGAREDDY,Talakondapalli,Talakondapalli,16.889999,78.413,01/02/21,12.47
888,RANGAREDDY,Kothur,Teegapur,17.163899,78.2722,01/02/21,8
889,RANGAREDDY,Yacharam,Tumotoniguda (Mall),16.992,78.701,01/02/21,4.28
890,RANGAREDDY,Chouderigudem,Vanampalli,17.1195,78.0086,01/02/21,6.6
891,RANGAREDDY,Yacharam,Yacharam,17.05,78.67,01/02/21,5.81
892,RANGAREDDY,Shankarpalli,Yeravaguda,17.408999,78.127,01/02/21,4.25
893,RANGAREDDY,ABDULLAPURMET,ABDULLAPURMET,,,01/02/21,
894,RANGAREDDY,ABDULLAPURMET,TURKAYAMJAL,,,01/02/21,
895,RANGAREDDY,CHEVELLA,KANDAWADA,,,01/02/21,
896,RANGAREDDY,CHOUDERIGUDEM,THUMMALAPALLY,,,01/02/21,
897,RANGAREDDY,CHOUDERIGUDEM,VEERANNAPET,,,01/02/21,
898,RANGAREDDY,FAROOQNAGAR,BURGULA,,,01/02/21,
899,RANGAREDDY,FAROOQNAGAR,CHINCHODE,,,01/02/21,
900,RANGAREDDY,GANDIPET,NARSINGI,,,01/02/21,
901,RANGAREDDY,IBRAHIMPATNAM,DANDU MAILARAM,,,01/02/21,
902,RANGAREDDY,IBRAHIMPATNAM,IBRAHIMPATNAM,,,01/02/21,
903,RANGAREDDY,KADTHAL,MUDVIN,,,01/02/21,
904,RANGAREDDY,KANDUKUR,MEERKHANPET,,,01/02/21,
905,RANGAREDDY,KANDUKUR,RACHALUR,,,01/02/21,
906,RANGAREDDY,KESHAMPET,IPPALAPALLY,,,01/02/21,
907,RANGAREDDY,KONDURGU,KONDURGU,,,01/02/21,
908,RANGAREDDY,KOTHUR,INMULNARVA,,,01/02/21,
909,RANGAREDDY,KOTHUR,KOTHUR,,,01/02/21,
910,RANGAREDDY,KOTHUR,PENJERLA,,,01/02/21,
911,RANGAREDDY,MAHESHWARAM,AMEERPET,,,01/02/21,
912,RANGAREDDY,MAHESHWARAM,MANKAL,,,01/02/21,
913,RANGAREDDY,MOINABAD,HIMAYATHSAGAR,,,01/02/21,
914,RANGAREDDY,SERILINGAMPALLY,GOPANPALLY,,,01/02/21,
915,RANGAREDDY,SHAHBAD,CHANDANVELLY,,,01/02/21,
916,RANGAREDDY,SHAMSHABAD,PEDDA SHAPOOR,,,01/02/21,
917,RANGAREDDY,SHANKERPALLY,MOKILA,,,01/02/21,
918,RANGAREDDY,YACHARAM,NANDIWANAPARTHI,,,01/02/21,
919,SANGAREDDY,Ameenpur,Kistareddypet,17.324946,78.172213,01/02/21,4.56
920,SANGAREDDY,Andole,Jogipet,17.835805,78.072972,01/02/21,16.65
921,SANGAREDDY,Gummadiddla,Annaram,17.629631,78.376086,01/02/21,17.64
922,SANGAREDDY,Gummadiddla,Gummadiddla,17.41055,78.220442,01/02/21,15.14
923,SANGAREDDY,Hathnoora,Borapatla,17.304717,78.103869,01/02/21,16.57
924,SANGAREDDY,Hathnoora,Nasthipur,17.4244,78.130672,01/02/21,21.64
925,SANGAREDDY,Jarasangam,Jarasangam,17.761111,77.713888,01/02/21,8.37
926,SANGAREDDY,Jinnaram,Ootla,17.375878,78.191979,01/02/21,10.12
927,SANGAREDDY,Kalher,Bachapally,18.081896,77.520472,01/02/21,10.67
928,SANGAREDDY,Kalher,Masanpalli,18.172314,77.875417,01/02/21,4.8
929,SANGAREDDY,Kalher,Meerkhanpally,16.082961,77.513977,01/02/21,5.43
930,SANGAREDDY,Kandi,Byathole,17.363981,88.112123,01/02/21,11.41
931,SANGAREDDY,Kandi,Cherlagudem,17.31153,78.0524,01/02/21,7.78
932,SANGAREDDY,Kangti,Kangti,18.222499,77.615555,01/02/21,6.39
933,SANGAREDDY,Koheer,Kothur (D),17.605555,77.720833,01/02/21,13.81
934,SANGAREDDY,Kondapur,Kondapur,17.550843,78.011197,01/02/21,27.4
935,SANGAREDDY,Manoor,Manoor,17.979166,77.736111,01/02/21,6.99
936,SANGAREDDY,Mogudampally,Mogudampally,17.613891,77.505361,01/02/21,6.94
937,SANGAREDDY,Munipally,Budera,17.6289,77.8408,01/02/21,3.6
938,SANGAREDDY,Nagalgidda,Pusalpad,17.5845,77.441,01/02/21,7.2
939,SANGAREDDY,Narayankhed,Abbenda,18.052181,77.714243,01/02/21,
940,SANGAREDDY,Narayankhed,Narayanakhed,18.0231,77.46116,01/02/21,6.12
941,SANGAREDDY,Nyalkal,Hadnoor - s,17.8033,77.626099,01/02/21,13.56
942,SANGAREDDY,Patancheru,Isnapur,17.563079,78.198536,01/02/21,12.55
943,SANGAREDDY,Patancheru,Patancheruvu,17.525833,78.270166,01/02/21,13.18
944,SANGAREDDY,Pulkal,Kodur,17.444246,77.590221,01/02/21,16.37
945,SANGAREDDY,Pulkal,Muddaipet,17.452277,77.582361,01/02/21,6.21
946,SANGAREDDY,Pulkal,Pulkal,17.719063,77.986731,01/02/21,7.23
947,SANGAREDDY,R.C.Puram,R.C.Puram,17.509099,78.3003,01/02/21,18.39
948,SANGAREDDY,Raikode,Chimnapur,17.51432,77.43304,01/02/21,10.32
949,SANGAREDDY,Sadasivpet,Sadasivpet,17.37103,77.57244,01/02/21,12.63
950,SANGAREDDY,Sangareddy,Sangareddy,17.597199,78.0782,01/02/21,30.2
951,SANGAREDDY,Sirgapoor,Wasar,18.08037,77.39595,01/02/21,11.04
952,SANGAREDDY,Vatpally,Vatpally,17.54308,77.52368,01/02/21,5.21
953,SANGAREDDY,Zaheerabad,Ranzole-I,17.675599,77.6561,01/02/21,16.16
954,SIDDIPET,Akkannapet,Jangaon,,,01/02/21,6.78
955,SIDDIPET,Bejjanki,Dacharam,18.251222,79.056861,01/02/21,2.33
956,SIDDIPET,Bejjanki,Guggilla,18.200666,79.060611,01/02/21,8.96
957,SIDDIPET,Bejjanki,Mylaram,,,01/02/21,7.13
958,SIDDIPET,Bejjanki,Vodlur Begampet,18.321326,79.042599,01/02/21,4.54
959,SIDDIPET,Cherila,Cherila,,,01/02/21,3.51
960,SIDDIPET,Cherila,Gurijakunta,17.9561,78.965,01/02/21,4.83
961,SIDDIPET,Cherila,Nagapuri,,,01/02/21,7.33
962,SIDDIPET,Cherila,Veerannapet,,,01/02/21,4.3
963,SIDDIPET,Chinnakodur,Allipur,18.237699,78.9237,01/02/21,10.49
964,SIDDIPET,Chinnakodur,Ananthasagar,18.1846,79.002099,01/02/21,10.33
965,SIDDIPET,Chinnakodur,Machapur,,,01/02/21,
966,SIDDIPET,Chinnakodur,Peddakodur,18.1488,78.8894,01/02/21,7.73
967,SIDDIPET,Doulthabad,Mubaraspur,,,01/02/21,17.71
968,SIDDIPET,Dubbak,Chittapur,18.1308,78.6203,01/02/21,15.55
969,SIDDIPET,Dubbak,Dubbak,,,01/02/21,
970,SIDDIPET,Dubbak,Gambeerpur,18.2285,78.608099,01/02/21,21.96
971,SIDDIPET,Dubbak,Peddacheekode,18.2143,78.6304,01/02/21,10.55
972,SIDDIPET,Dubbak,Pothireddypet,,,01/02/21,12.94
973,SIDDIPET,Gajwel,Gajwel,17.8447,78.6847,01/02/21,13.59
974,SIDDIPET,Husnabad,Husnabad,18.129166,79.204166,01/02/21,4.59
975,SIDDIPET,Jagdevpur,Munigadapa,17.8133,78.824199,01/02/21,9.61
976,SIDDIPET,Jagdevpur,Chatlapally,17.8506,78.8582,01/02/21,7.26
977,SIDDIPET,Jagdevpur,Dharmaram,17.715499,78.8135,01/02/21,10.27
978,SIDDIPET,Jagdevpur,Itkal,17.763,78.774699,01/02/21,
979,SIDDIPET,Jagdevpur,Kondapur,17.786099,78.849099,01/02/21,8.29
980,SIDDIPET,Jagdevpur,T.Narsapur,17.857299,78.863199,01/02/21,3.12
981,SIDDIPET,Koheda,Koheda,18.1686,79.0936,01/02/21,3.88
982,SIDDIPET,Koheda,Varikolu,18.255361,79.109805,01/02/21,4.31
983,SIDDIPET,Komaravelli,Komaravelli,,,01/02/21,3.91
984,SIDDIPET,Komaravelli,Ainapur,,,01/02/21,5.13
985,SIDDIPET,Komaravelli,Gouraipally,17.880712,78.851505,01/02/21,4.21
986,SIDDIPET,Komaravelli,Komuravelli,17.9277,78.895499,01/02/21,
987,SIDDIPET,Kondapak,Ankireddypally,,,01/02/21,3.11
988,SIDDIPET,Kondapak,Sir singandla,,,01/02/21,6.37
989,SIDDIPET,Madoor,Bekkal,17.988387,79.10353,01/02/21,3.21
990,SIDDIPET,Madoor,Madoor,17.9307,79.0503,01/02/21,11.65
991,SIDDIPET,Madoor,Salakpur,,,01/02/21,5.73
992,SIDDIPET,Markood,Markood,,,01/02/21,10.04
993,SIDDIPET,Mirdoddi,Bhoompalli,18.1208,78.597199,01/02/21,7.62
994,SIDDIPET,Mirdoddi,Jangapally,,,01/02/21,14.74
995,SIDDIPET,Mulugu,Mulugu,17.721399,78.6333,01/02/21,39.04
996,SIDDIPET,Mulugu,Adivimajid,17.7059,78.6755,01/02/21,16.54
997,SIDDIPET,Mulugu,Zaptisingaipally,,,01/02/21,5.73
998,SIDDIPET,Nanganur,Katha,18.017861,79.070666,01/02/21,3.41
999,SIDDIPET,Nanganur,Kodarajpally,18.03879,79.092646,01/02/21,9.66
1000,SIDDIPET,Nanganur,Rampur,18.088799,78.992499,01/02/21,8.18
1001,SIDDIPET,Raipole,Raipole,17.925599,78.6181,01/02/21,12.56
1002,SIDDIPET,Siddipet,Siddipet,18.103299,78.837499,01/02/21,8.45
1003,SIDDIPET,Siddipet,Ragavapur,,,01/02/21,16.58
1004,SIDDIPET,Siddipet,Tornal,18.115799,78.751299,01/02/21,11.43
1005,SIDDIPET,Thoguta,Kuknoorpally,,,01/02/21,16.48
1006,SIDDIPET,Wargal,Majidpalli,17.823299,78.586599,01/02/21,1.69
1007,SIRCILLA,Boinpally,Korem,18.5315,78.914599,01/02/21,3.82
1008,SIRCILLA,Boinpally,Kothapet (NC),18.41936111,78.97238889,01/02/21,6.2
1009,SIRCILLA,Chandurthy,Chandurthy,18.572416,78.777805,01/02/21,3.89
1010,SIRCILLA,Gambhiraopet,Gajasingaram,18.38488889,78.57305556,01/02/21,4.8
1011,SIRCILLA,Gambhiraopet,Kothapally,18.253361,78.581888,01/02/21,14.23
1012,SIRCILLA,Gambhiraopet,Narmal,18.283725,78.552568,01/02/21,6.89
1013,SIRCILLA,Illanthakunta,Ananthagiri,18.267336,78.903132,01/02/21,
1014,SIRCILLA,Illanthakunta,Illanthukunta,18.311944,78.956388,01/02/21,12.15
1015,SIRCILLA,Illanthakunta,Kandikatkur,18.373722,78.964305,01/02/21,3.43
1016,SIRCILLA,Illanthakunta,Repaka,18.264083,78.976055,01/02/21,4.29
1017,SIRCILLA,Konaraopet,Dharmaram,18.44830556,78.74,01/02/21,6.71
1018,SIRCILLA,Konaraopet,Kolanur,18.41977778,78.778,01/02/21,9.93
1019,SIRCILLA,Konaraopet,Kondapur,18.512108,78.698962,01/02/21,6.77
1020,SIRCILLA,Konaraopet,Mamidipalli,18.499277,78.757555,01/02/21,9.01
1021,SIRCILLA,Konaraopet,Nizamabad,18.4703,78.7189,01/02/21,8.6
1022,SIRCILLA,Konaraopet,Suddala,18.46788889,78.79275,01/02/21,3.47
1023,SIRCILLA,Mustabad,Avunoor,18.350277,78.716996,01/02/21,14.52
1024,SIRCILLA,Mustabad,Kondapur,18.342888,78.683888,01/02/21,4.15
1025,SIRCILLA,Sircilla,Sircilla(urban),18.4056,78.8267,01/02/21,8.99
1026,SIRCILLA,Thangalapally,Rallapet,18.35458333,78.78244444,01/02/21,7.91
1027,SIRCILLA,Thangalapally,Ramchandrapaur,18.27797222,78.82316667,01/02/21,0.91
1028,SIRCILLA,Veernapally,Garjanapalle,18.526722,78.610861,01/02/21,13.66
1029,SIRCILLA,Veernapally,Veernapally,18.465589,78.60137,01/02/21,10.94
1030,SIRCILLA,Vemulawada,Chekkapalli,18.533099,78.8599,01/02/21,4.19
1031,SIRCILLA,Vemulawada,Vemulawada(rural),18.486422,78.863888,01/02/21,10.32
1032,SIRCILLA,Yellareddipet,Racherla Boppaspur,18.377197,78.616814,01/02/21,13.82
1033,SIRCILLA,Yellareddipet,Rajannapet,18.402899,78.642499,01/02/21,4.64
1034,SURYAPET,Arvapally,Jajireddigudem,17.329188,79.49963,01/02/21,5.18
1035,SURYAPET,Arvapally,Kodur,17.316549,79.622842,01/02/21,8.67
1036,SURYAPET,Arvapally,Nagaram,17.386693,79.496965,01/02/21,3.34
1037,SURYAPET,Atmakur(s),Aipur,17.275805,79.727555,01/02/21,7.05
1038,SURYAPET,Chilkur,Bethevole,16.968099,79.812029,01/02/21,1.89
1039,SURYAPET,Chilkur,Chilkuru,16.952543,79.8861,01/02/21,0.88
1040,SURYAPET,Chinthalapalem ( mallareddygudem),Dondapadu,16.817943,80.012784,01/02/21,13.96
1041,SURYAPET,Chinthalapalem ( mallareddygudem),Gudimalkapur,16.796718,79.980992,01/02/21,13.32
1042,SURYAPET,Chinthalapalem ( mallareddygudem),Mallareddigudem,16.76601,79.984304,01/02/21,10.65
1043,SURYAPET,Chivemla,B. Chandupatla,17.141752,79.718666,01/02/21,2.68
1044,SURYAPET,Chivemla,Gumpula Tirumalagiri,17.107692,79.722059,01/02/21,5.38
1045,SURYAPET,Gardepalli,Gardepalli,,,01/02/21,
1046,SURYAPET,Kodad,Thogarrai,16.936788,79.931655,01/02/21,0.45
1047,SURYAPET,Mattampalle,Mattampalli,16.786858,79.854204,01/02/21,3.58
1048,SURYAPET,Mattampalle,Raghunadhapalem,16.753544,79.885324,01/02/21,9.39
1049,SURYAPET,Mellacheruvu,Mellacheruvu,16.83738,79.904517,01/02/21,6.51
1050,SURYAPET,Mothey,Kudali,,,01/02/21,
1051,SURYAPET,Mothey,Mamillaguda,17.18088,79.848406,01/02/21,5.04
1052,SURYAPET,Mothey,Urlaguda,17.25145,79.846083,01/02/21,0.76
1053,SURYAPET,Munagala,Akupamula,17.033053,79.873081,01/02/21,2.63
1054,SURYAPET,Nadigudem,Vaila Singaram,17.080252,79.933253,01/02/21,2.75
1055,SURYAPET,Nereducharla,Dirsencherla,16.85282,79.673823,01/02/21,2.18
1056,SURYAPET,Nuthankal,Dirsenapally,17.360234,79.734976,01/02/21,5.52
1057,SURYAPET,Nuthankal,Maddirala,,,01/02/21,
1058,SURYAPET,Nuthankal,Nuthankal,17.333829,79.691828,01/02/21,3.88
1059,SURYAPET,Palakeedu,Janpahad,16.739271,79.706918,01/02/21,15.15
1060,SURYAPET,Palakeedu,Palakeedu,16.804402,79.69542,01/02/21,1.1
1061,SURYAPET,Suryapet,Pillalamarry,17.146308,79.575342,01/02/21,1.15
1062,SURYAPET,Suryapet,Yerkaram,17.228555,79.575112,01/02/21,15.19
1063,SURYAPET,Thungathurthi,Annaram,17.381962,79.609174,01/02/21,2.93
1064,SURYAPET,Thungathurthi,Ravulapally,17.471323,79.628219,01/02/21,5.75
1065,SURYAPET,Thungathurthi,Thungathurthi,17.398742,79.59122,01/02/21,2.24
1066,SURYAPET,Tirumalagiri,Mamidala,17.508166,79.542476,01/02/21,13.37
1067,SURYAPET,ANANTHAGIRI,GONDRIYALA,,,01/02/21,
1068,SURYAPET,ATHMAKUR(S),ATHMAKUR(S),,,01/02/21,
1069,SURYAPET,CHIVVEMLA,VATTIKHAMMAMPAHAD,,,01/02/21,
1070,SURYAPET,GARIDEPALLI,KALMALACHERUVU,,,01/02/21,
1071,SURYAPET,HUZURNAGAR,HUZURNAGAR,,,01/02/21,
1072,SURYAPET,KODAD,KAPUGAL,,,01/02/21,
1073,SURYAPET,MADDIRALA,MUKUNDAPURAM,,,01/02/21,
1074,SURYAPET,MUNAGALA,MUNAGALA,,,01/02/21,
1075,SURYAPET,MADDIRALA,REDDYGUDEM,,,01/02/21,
1076,SURYAPET,MUNAGALA,NELAMARRI,,,01/02/21,
1077,SURYAPET,MUNAGALA,REPALA,,,01/02/21,
1078,SURYAPET,NADIGUDEM,NADIGUDEM,,,01/02/21,
1079,SURYAPET,NAGARAM,ETOOR,,,01/02/21,
1080,SURYAPET,NEREDUCHERLA,PENCHIKALDINNE,,,01/02/21,
1081,SURYAPET,PALAKEEDU,ALONGAPURAM,,,01/02/21,
1082,SURYAPET,PENPAHAD,N.ANNARAM,,,01/02/21,
1083,SURYAPET,PENPAHAD,PENPAHAD,,,01/02/21,
1084,SURYAPET,SURYAPET,BALEMLA,,,01/02/21,
1085,SURYAPET,SURYAPET,SURYAPET,,,01/02/21,
1086,SURYAPET,THIRUMALAGIRI,THATIPAMULA,,,01/02/21,
1087,VIKARABAD,Bantwaram,Bantwaram,17.444999,77.696,01/02/21,6.49
1088,VIKARABAD,Basheerabad,Basheerabad,17.211,77.444,01/02/21,11.62
1089,VIKARABAD,Bomraspet,Bomraspet,17.164004,77.719418,01/02/21,9.36
1090,VIKARABAD,Bomraspet,Madnapally,17.219275,77.773446,01/02/21,7.08
1091,VIKARABAD,Dharoor,Antharam,17.23312,77.48246,01/02/21,14.3
1092,VIKARABAD,Dharoor,Dharoor,17.303,77.773999,01/02/21,10.65
1093,VIKARABAD,Doma,Doma,17.5195,77.5141,01/02/21,14.02
1094,VIKARABAD,Doulathabad,Doulathabad,16.998299,77.5415,01/02/21,7.36
1095,VIKARABAD,Kodangal,Kodangal,17.0992,77.6011,01/02/21,12.23
1096,VIKARABAD,Kodangal,Rudraram (D),17.132999,77.511,01/02/21,10.06
1097,VIKARABAD,Kodangal,Rudraram (S),17.132999,77.511,01/02/21,7.3
1098,VIKARABAD,Kulkacherla,Kulkacherla,17.016999,77.876,01/02/21,5.9
1099,VIKARABAD,Kulkacherla,Puttaphad,17.159,77.49174,01/02/21,22.04
1100,VIKARABAD,Marpalli,Marpalli,17.528999,77.771,01/02/21,17.32
1101,VIKARABAD,Marpalli,Narsapur,17.17441,77.34162,01/02/21,35.33
1102,VIKARABAD,Mominpet,Durgam Cheruvu,17.15199,78.1284,01/02/21,7.42
1103,VIKARABAD,Mominpet,Mominpet,17.517999,77.890999,01/02/21,6.54
1104,VIKARABAD,Nawabpet,Nawabpet,17.427777,77.968611,01/02/21,
1105,VIKARABAD,Nawabpet,Vattinenipally(s),17.437,77.977999,01/02/21,7.48
1106,VIKARABAD,Parigi,Parigi,17.179999,77.879999,01/02/21,13.34
1107,VIKARABAD,Peddamul,Kandanelli,17.1344,77.47215,01/02/21,7.08
1108,VIKARABAD,Peddamul,Peddamul,17.33,77.66,01/02/21,10.27
1109,VIKARABAD,Peddamul,Thattepalli,17.16,77.384,01/02/21,7.38
1110,VIKARABAD,Pudur,Chengamala,16.54497,77.59278,01/02/21,7.12
1111,VIKARABAD,Pudur,Pedda Umintyal,17.227999,77.975,01/02/21,6.7
1112,VIKARABAD,Pudur,Pudur,17.263999,77.956999,01/02/21,9.08
1113,VIKARABAD,Tandur,Kota Basupally,17.33,77.499999,01/02/21,6.45
1114,VIKARABAD,Tandur,Tandur,17.33,77.499999,01/02/21,5.75
1115,VIKARABAD,Vikarabad,Maildevarpally,16.57298,77.51423,01/02/21,36.85
1116,VIKARABAD,Vikarabad,Vikarabad(S),17.250999,77.590999,01/02/21,12.11
1117,VIKARABAD,Yalal,Yalal,17.2,77.64,01/02/21,11.85
1118,VIKARABAD,Yalal,Bagayapalli,17.01158,77.3252,01/02/21,11.14
1119,VIKARABAD,Yalal,Yenkapally,17.025546,77.384,01/02/21,0.85
1120,WANAPARTHY,Amarchintha,Singampet,,,01/02/21,2.4
1121,WANAPARTHY,Atmakuru,Atmakuru,16.336999,77.806,01/02/21,3.88
1122,WANAPARTHY,Ghanpur,Ghanapur,16.56306,78.046454,01/02/21,2.61
1123,WANAPARTHY,Ghanpur,Kamaluddinpur,,,01/02/21,2
1124,WANAPARTHY,Gopalpet,Gopalpet,16.378599,78.1348,01/02/21,3.32
1125,WANAPARTHY,Gopalpet,Yedutla,,,01/02/21,2.6
1126,WANAPARTHY,Kothakota,Kanaipally,16.388259,77.960249,01/02/21,9.1
1127,WANAPARTHY,Kothakota,Madnapur,16.3776,77.872899,01/02/21,2.3
1128,WANAPARTHY,Pangal,Pangal,16.24721,78.104481,01/02/21,2.2
1129,WANAPARTHY,Pebbair,Ayyavaripalli,16.1156,78.023599,01/02/21,1.7
1130,WANAPARTHY,Wanaparthy,Peddagudem,,,01/02/21,2.64
1131,WANAPARTHY,Peddamandadi,Peddamandadi,16.4306,78.025099,01/02/21,3
1132,WANAPARTHY,Weepangandla,Sanginonipally,,,01/02/21,2.2
1133,WARANGAL,Chennaraopet,Chennaraopet,17.5259,79.522,01/02/21,2.38
1134,WARANGAL,Duggondi,Duggondi,18.019399,79.8077,01/02/21,3.83
1135,WARANGAL,Geesugonda,Geesgonda,17.962999,79.6991,01/02/21,3.42
1136,WARANGAL,Geesugonda,Vanchanagiri,17.9475,79.6897,01/02/21,5
1137,WARANGAL,Khanapur,Khanapur,17.898799,79.93,01/02/21,4.04
1138,WARANGAL,Nallabelli,Narakkapet,18.007999,79.8875,01/02/21,3.85
1139,WARANGAL,Narsampet,Narasampet,17.9227,79.887499,01/02/21,4
1140,WARANGAL,Nekkonda,Ameenpet,17.808099,79.8003,01/02/21,2.35
1141,WARANGAL,Nekkonda,Nagaram,17.4533,79.531,01/02/21,2.83
1142,WARANGAL,Parvathagiri,Parvathagiri,17.744466,79.723991,01/02/21,9.42
1143,WARANGAL,Rayaparthy,Kondur,17.694199,79.547299,01/02/21,10.15
1144,WARANGAL,Rayaparthy,Rayaparthy,17.7072,79.607699,01/02/21,5.82
1145,WARANGAL,Sangem,Sangem,17.8844,79.7113,01/02/21,3.55
1146,WARANGAL,Parvathagiri,Theegarajupally,17.834699,79.7061,01/02/21,8.8
1147,WARANGAL,Wardhannapet,Wardhannapet,17.773,79.5794,01/02/21,6.02
1148,WARANGAL,Khila Warangal,Mamnoor,17.90800278,79.59561389,01/02/21,5.25
1149,WARANGAL,Warangal,Charbowli,17.981899,79.607,01/02/21,5.61
1150,HANUMAKONDA,Bheemadevarpalli,Gatla Narsingapur,18.0881,79.3274,01/02/21,4.85
1151,HANUMAKONDA,Bheemadevarpalli,Kothapally,18.09344444,79.45455278,01/02/21,7.9
1152,HANUMAKONDA,Bheemadevarpalli,Vangara,18.133888,79.344999,01/02/21,8.55
1153,HANUMAKONDA,Dharmasagar,Dharmapuri,18.006403,79.437694,01/02/21,4.63
1154,HANUMAKONDA,Dharmasagar,Narayanagiri,17.9905,79.376899,01/02/21,4.15
1155,HANUMAKONDA,Velair,Velair,18.08066944,79.3907,01/02/21,4.04
1156,HANUMAKONDA,Elkathurthy,Elkathurthy,18.103269,79.437198,01/02/21,8.9
1157,HANUMAKONDA,Hanamkonda,Hanumkonda,18.0008,79.5577,01/02/21,6.92
1158,HANUMAKONDA,Hasanparthy,Seethampet,18.077599,79.515299,01/02/21,2.75
1159,HANUMAKONDA,Inavole,Panthini,17.84918889,79.61472222,01/02/21,2.78
1160,HANUMAKONDA,Inavole,Punnelu,17.87007222,79.59561389,01/02/21,2.97
1161,HANUMAKONDA,Kamalapur,Kamalapur,18.179399,79.524199,01/02/21,3.16
1162,HANUMAKONDA,Kamalapur,Shanigaram,18.184083,79.597194,01/02/21,1.45
1163,HANUMAKONDA,Athmakur,Atmakur,18.0686,79.738,01/02/21,1.9
1164,HANUMAKONDA,Damera,Damera,18.0308,79.381,01/02/21,2.82
1165,HANUMAKONDA,Nadikuda,Cherlapally,18.233188,79.608064,01/02/21,7.75
1166,HANUMAKONDA,Nadikuda,Nadikuda,18.192999,79.6416,01/02/21,1.25
1167,HANUMAKONDA,Nadikuda,Parkal,18.2016,79.6374,01/02/21,4
1168,WARANGAL,Nellikudur,Annaram shariff,17.4131,79.4117,01/02/21,5.97
1169,HANUMAKONDA,Shayampet,Pathipaka(Abendent),,,01/02/21,
1170,YADADRI,Gundala,Ambala,17.494643,79.253042,01/02/21,5.7
1171,YADADRI,Gundala,Peddapadishala,,,01/02/21,3.66
1172,YADADRI,Gundala,Velmajala,,,01/02/21,4.04
1173,YADADRI,Alair,Kolanpaka,17.690896,79.036291,01/02/21,5.51
1174,YADADRI,Alair,Sarajipet,17.617622,79.118658,01/02/21,10.72
1175,YADADRI,Atmakur,Chada,17.51638889,79.11277778,01/02/21,7.85
1176,YADADRI,Atmakur(m),Atmakur,17.465339,79.139056,01/02/21,12.2
1177,YADADRI,B.Pochampalli,B.Pochampalli,17.336196,78.810768,01/02/21,5.98
1178,YADADRI,Bhongiri,Bhongiri,17.484698,78.907077,01/02/21,3.98
1179,YADADRI,Bhongiri,Chandupatla,17.499212,78.97936,01/02/21,10.65
1180,YADADRI,Bhongiri,Nandanam,17.436592,78.927323,01/02/21,4.59
1181,YADADRI,Bibinagar,Bibinagar,17.460344,78.801601,01/02/21,7.96
1182,YADADRI,Bibinagar,Yenkiryal,17.407101,78.768589,01/02/21,6.19
1183,YADADRI,Choutuppal,D.Malkapur,17.243055,78.847222,01/02/21,4.1
1184,YADADRI,M.Turkapally,Ch.Laxmapur,17.651268,78.754263,01/02/21,3.89
1185,YADADRI,Mothukur,Kanchanapalli,17.447357,79.262826,01/02/21,4
1186,YADADRI,Mothukur,Mothukur,17.394263,79.192816,01/02/21,6.09
1187,YADADRI,Mothukur,Paladugu,17.378081,79.280102,01/02/21,3.61
1188,YADADRI,Mothukur,Podichedu,17.39083333,79.34083333,01/02/21,8.78
1189,YADADRI,Rajapet,Bondugala,17.768305,78.9665,01/02/21,4.98
1190,YADADRI,Rajapet,Kurraram,17.781431,78.933771,01/02/21,8.31
1191,YADADRI,Rajapet,Raghunadapuram,17.679134,78.94736,01/02/21,5.63
1192,YADADRI,Rajapet,Rajapet,17.73768,78.927703,01/02/21,4.2
1193,YADADRI,Rajapet,Somaram,16.68777778,78.80111111,01/02/21,11.41
1194,YADADRI,Ramannapet,Ramanapet,17.283121,79.095091,01/02/21,5.31
1195,YADADRI,Ramannapet,Yellanki,17.293818,79.030897,01/02/21,11.5
1196,YADADRI,Ramannapet,Yennaram,17.318131,79.20265,01/02/21,3.83
1197,YADADRI,S.Narayanpur,S.Narayanpur,17.144719,78.86001,01/02/21,10.05
1198,YADADRI,Thurkapally,Gandamalla,17.16694444,79.02,01/02/21,8.51
1199,YADADRI,Valigonda,Arror,17.386758,79.10801,01/02/21,1.13
1200,YADADRI,Valigonda,T. somaram,17.399953,78.95229,01/02/21,3.97
1201,YADADRI,Valigonda,Varkatpally,17.338506,78.932216,01/02/21,4.99
1202,YADADRI,Valigonda,Vemulakonda,17.347782,79.143433,01/02/21,3.59
1203,YADADRI,Y.Gutta,Mallapuram,17.633555,78.911638,01/02/21,7.52
1204,YADADRI,Y.Gutta,Motakondur,,,01/02/21,12.9
